country,year,AvgTemperature,suicides/100k pop,HDI for year,gdp_per_capita ($),military_exp,warm/cold
Albania,1997,22.185990338164245,77.43,,793.0000000000001,5.9722682071949675,warm
Albania,1998,16.451388888888893,66.52,,898.9999999999999,2.6420118810629805,cold
Albania,1999,17.287200628190018,69.81,,1127.0,17.334692213615998,cold
Albania,2000,17.320525136087102,30.699999999999996,0.6559999999999998,1299.0,6.392603154274038,cold
Albania,2001,16.242000000000004,50.61999999999999,,1451.0000000000002,4.52435381521461,cold
Albania,2002,17.38959212376933,62.510000000000005,,1572.9999999999998,2.869932445125748,cold
Albania,2003,17.58602646968298,58.60000000000001,,2021.0000000000002,3.7614790735473407,cold
Albania,2004,16.402130898021305,65.39,,2544.0,3.4711801867277896,cold
Albania,2005,16.006274869911227,0.0,0.6949999999999998,2931.0,3.692240946985311,cold
Albania,2006,15.486034376918349,0.0,,3235.0000000000005,3.7614953054353197,cold
Albania,2007,16.294108669108674,65.85,,3862.9999999999995,3.1140544929574205,cold
Albania,2008,15.923992673992677,71.05000000000001,,4672.0,3.573120364491601,cold
Albania,2009,16.197907048322552,0.0,,4387.000000000001,4.70961004832051,cold
Albania,2010,15.871537290715375,41.66,0.7220000000000001,4359.0,4.17758456553984,cold
Argentina,1997,17.30213089802131,111.39999999999998,,9057.0,3.9093985598058496,cold
Argentina,1998,16.533950617283946,116.92999999999998,,9126.0,3.5280960031819597,cold
Argentina,1999,16.575396825396815,117.19,,8546.000000000002,3.6973742308424593,cold
Argentina,2000,16.886757990867576,131.39,0.762,8462.000000000002,3.5600248725369705,cold
Argentina,2001,17.41101953601952,143.55999999999997,,7899.999999999999,3.127249385309749,cold
Argentina,2002,17.22592592592593,139.42,,2839.9999999999995,2.69771474886414,cold
Argentina,2003,16.624579124579135,146.29,,3667.9999999999995,2.728372213779679,cold
Argentina,2004,17.014420157862773,131.05999999999997,,4683.0,2.741996704937149,cold
Argentina,2005,16.839726027397244,128.18,0.775,5589.999999999999,2.8719313629181094,cold
Argentina,2006,17.048858447488573,128.21999999999997,,6474.999999999999,2.9476131562586403,cold
Argentina,2007,16.289682539682534,118.35000000000004,,7917.999999999999,3.0425747012796607,cold
Argentina,2008,17.419871794871792,118.10999999999999,,9843.0,3.3955793627065702,cold
Argentina,2009,17.23046398046397,107.32000000000001,,8961.0,4.157049907835079,cold
Argentina,2010,17.225722983257224,111.24000000000001,0.8109999999999999,11272.999999999998,4.265646055937709,cold
Argentina,2011,17.352968036529692,105.86999999999998,0.8180000000000002,13945.999999999998,3.8539464411557396,cold
Argentina,2012,17.625075895567704,119.81999999999998,0.8310000000000001,14203.000000000002,3.8218101632655306,cold
Argentina,2013,17.155859969558602,103.42,0.8330000000000001,14206.000000000002,3.997244557304841,cold
Australia,1997,16.75098934550987,186.93000000000006,,25233.999999999996,1.04643398189713,cold
Australia,1998,16.778247734138976,176.41000000000003,,22896.999999999996,1.0180728629979898,cold
Australia,1999,16.92909035409036,167.14999999999998,,22016.000000000004,0.9802461233822132,cold
Australia,2000,16.80567698846386,157.82000000000005,0.8979999999999998,23219.000000000004,0.9803185800859303,cold
Australia,2001,16.79392551892553,158.79000000000002,,20860.0,0.9082400407095093,cold
Australia,2002,17.05018518518517,144.68,,21474.0,0.88352783657309,cold
Australia,2003,16.879267022124186,133.84,,25059.0,0.9136403187892589,cold
Australia,2004,16.95470552519732,133.76000000000002,,32454.0,0.8934804662429353,cold
Australia,2006,17.041613394216153,127.89000000000001,,39014.0,0.7858132444591973,cold
Australia,2007,17.369169719169726,130.25,,43171.0,0.9004571727870299,cold
Australia,2008,16.742646609184877,130.48999999999998,,52315.00000000001,0.8707051230705848,cold
Australia,2009,17.446428571428587,130.12,,45127.99999999999,0.8333795646929242,cold
Australia,2010,17.063531202435357,132.64000000000001,0.9270000000000002,54886.99999999999,0.8212327115306207,cold
Australia,2011,16.966027397260245,133.21999999999997,0.93,66769.99999999999,0.7908975584520309,cold
Australia,2012,16.808712811171826,139.57,0.932,72669.0,0.7784642506470357,cold
Australia,2013,17.434809123063776,138.78,0.9329999999999999,72856.0,0.7508253830845711,cold
Austria,1997,9.823744292237437,297.5000000000001,,28325.000000000004,2.3240497992578204,cold
Austria,1998,10.743305632502308,289.38,,28971.999999999996,2.41235591259715,cold
Austria,1999,10.530677655677659,280.3,,28722.0,2.6251099314451602,cold
Austria,2000,11.533090467516695,289.77,0.836,25922.000000000004,2.26786206311863,cold
Austria,2001,10.457229832572304,261.90999999999997,,25848.0,2.31206260817217,cold
Austria,2002,11.03831948291783,276.92,,27771.999999999996,2.2433137703176604,cold
Austria,2003,10.830593607305936,257.06,,33888.99999999999,2.4263625550969006,cold
Austria,2004,10.335003035822707,254.04,,38711.0,2.62948113760521,cold
Austria,2005,10.167884322678844,235.24999999999997,0.8530000000000002,40367.0,2.29906967458575,cold
Austria,2006,10.686301369863017,218.89999999999995,,42698.0,3.4177593325580706,cold
Austria,2007,11.671703296703301,217.31,,49218.0,2.864194918989439,cold
Austria,2008,11.439573820395736,216.45000000000002,,54294.0,3.2912111457700095,cold
Austria,2009,10.985500610500603,213.22,,50356.00000000001,3.32542168167072,cold
Austria,2010,9.583713850837132,207.55000000000004,0.8790000000000001,49180.99999999999,2.79100435652891,cold
Austria,2011,10.71080669710807,211.49,0.8810000000000001,53923.00000000001,4.67013555547022,cold
Austria,2012,11.061930783242259,206.63,0.884,50979.0,4.65861825196324,cold
Austria,2013,10.792389649923903,212.12,0.884,53229.0,4.5409233096146595,cold
Bahrain,1997,25.998477929984777,0.0,,11985.0,1.4170550447159602,warm
Bahrain,1998,27.889350569405966,0.0,,11325.0,1.2763626403725,warm
Bahrain,1999,27.942155067155046,22.459999999999997,,11703.0,1.3855313863292806,warm
Bahrain,2000,27.00333940497872,32.73,0.7940000000000002,15345.0,1.39216275310692,warm
Bahrain,2001,27.401674277016742,30.659999999999993,,14383.000000000002,1.2997898961843404,warm
Bahrain,2002,27.147737765466278,27.68,,14572.000000000002,1.3244099720017,warm
Bahrain,2003,27.209132420091297,32.39,,15756.0,1.2072833480921998,warm
Bahrain,2004,27.099119611414697,54.21000000000001,,17497.000000000004,1.3579683666160796,warm
Bahrain,2005,26.78295281582953,40.22,0.8159999999999997,19485.0,1.35139448644928,warm
Bahrain,2006,27.225266362252672,27.18,,20826.0,1.2490866758738004,warm
Bahrain,2007,27.211996336996325,32.09,,22524.0,1.59226758156392,warm
Bahrain,2008,26.940628815628788,27.89,,25106.000000000004,1.3979037713492302,warm
Bahrain,2009,27.446886446886456,24.59,,20988.0,1.52145472580919,warm
Bahrain,2010,28.29269406392694,11.89,0.8190000000000003,22572.0,1.3775162616889702,warm
Bahrain,2011,27.17777777777776,14.96,0.8170000000000003,26078.000000000004,1.2947595034466204,warm
Bahrain,2012,27.60230722525805,8.68,0.8190000000000003,25587.0,1.3230237354878795,warm
Bahrain,2013,27.335768645357692,2.49,0.8210000000000001,26793.0,1.3901157360987597,warm
Belarus,1997,6.251913070094891,446.49999999999994,,1458.0,2.4307013549237997,cold
Belarus,1998,6.912387177093062,455.64,,1569.9999999999998,2.4530591474314605,cold
Belarus,1999,8.29334554334554,450.36,,1269.0,2.645171956338531,cold
Belarus,2000,8.311778992106865,447.3,0.6829999999999998,1335.0,2.6711704653622994,cold
Belarus,2001,7.4261796042617965,419.6500000000001,,1299.0,2.8844613869966698,cold
Belarus,2002,8.074330563250225,410.99999999999994,,1541.0000000000002,2.8012596498514193,cold
Belarus,2003,7.171411080501993,444.86,,1892.0000000000002,2.71202074866405,cold
Belarus,2007,8.197275788184879,355.89000000000004,,4898.0,2.2296112607375496,cold
Belarus,2008,8.318223443223443,352.15999999999997,,6600.999999999999,2.13453582058299,cold
Belarus,2009,7.306550352004893,375.53999999999996,,5366.0,1.7441729347053696,cold
Belarus,2010,7.236568986568984,331.97999999999996,0.7859999999999999,6371.000000000001,1.6450171927701398,cold
Belarus,2011,8.062100456621009,299.36,0.7929999999999997,6902.000000000001,1.3199772602341495,cold
Belarus,2013,7.955555555555557,273.32,0.7960000000000002,8477.000000000002,1.4609223428161802,cold
Belgium,1997,10.62922374429224,284.73999999999995,,26609.000000000004,5.06848741255812,cold
Belgium,1998,10.721298861188053,264.73999999999995,,27087.0,5.333103952518171,cold
Belgium,1999,11.181013431013435,230.70000000000002,,26969.000000000004,5.50362154366541,cold
Belgium,2000,11.286126290224656,267.8,0.874,24591.999999999996,3.9616709688485305,cold
Belgium,2001,10.881887366818878,261.22,,24494.000000000004,4.14808163198998,cold
Belgium,2002,11.296398891966765,247.85999999999999,,26526.0,4.611106606350529,cold
Belgium,2003,11.2910197869102,248.72999999999996,,32538.0,4.6588328030262804,cold
Belgium,2004,10.905434122647238,231.06000000000003,,37661.0,4.04492884796012,cold
Belgium,2005,11.189041095890405,231.75000000000003,0.8660000000000002,39124.0,3.214381095330068,cold
Belgium,2006,11.142161339421607,214.89999999999998,,41135.0,3.10294772848129,cold
Belgium,2007,11.191697191697186,208.56999999999996,,47040.0,2.9569902343439196,cold
Belgium,2008,10.594414086217363,221.54000000000002,,51345.0,2.80016136873791,cold
Belgium,2009,10.700702075702083,218.35000000000002,,47629.99999999999,3.6105352496765097,cold
Belgium,2010,9.3531202435312,220.18,0.883,47355.0,3.277755942160899,cold
Belgium,2011,11.375342465753418,226.70999999999998,0.8859999999999998,50893.00000000001,3.591497227356749,cold
Belgium,2012,10.420765027322416,217.13,0.8889999999999998,47677.99999999999,3.8445737020779696,cold
Belgium,2013,9.91963470319635,201.55000000000004,0.8879999999999998,49489.00000000001,4.14145178849907,cold
Brazil,1997,21.97494870964262,76.80000000000001,,5891.000000000001,1.5776883155177404,warm
Brazil,1998,22.612999198993037,75.05,,5663.000000000001,1.6622919197582398,warm
Brazil,1999,21.88014119091463,67.64999999999999,,3864.0,1.6454746665698698,warm
Brazil,2000,22.316996448503307,68.22999999999999,0.6829999999999998,4156.000000000001,1.73072614713627,warm
Brazil,2001,22.68457468457464,73.49000000000001,,3492.0,1.9518824453253203,warm
Brazil,2002,22.79596899224805,69.77,,3121.0000000000005,1.8957711991561699,warm
Brazil,2003,22.13212937455359,68.07000000000001,,3376.0000000000005,1.5034776355450703,warm
Brazil,2004,21.94196518923293,70.22,,3984.0,1.4612684089062105,warm
Brazil,2005,21.928006088280057,73.60000000000001,0.7020000000000001,5230.0,1.5240133925210702,warm
Brazil,2006,21.639167935058314,69.89999999999999,,6402.999999999999,1.4810848948930302,warm
Brazil,2007,21.807743182743184,71.67999999999999,,7970.000000000001,1.4662920999290199,warm
Brazil,2008,21.311243750637683,72.21000000000001,,9555.0,1.441924042010121,warm
Brazil,2009,21.926892551892532,70.37,,9283.0,1.5386256760121106,warm
Brazil,2010,22.4441400304414,72.73,0.737,12160.999999999998,1.53940698128362,warm
Brazil,2011,21.74444444444443,72.41000000000001,0.7419999999999999,14245.000000000002,1.4118511592452403,warm
Brazil,2012,22.3192673547865,74.45000000000002,0.7460000000000001,13282.999999999998,1.3786564647043698,warm
Brazil,2013,22.260933536276028,73.41000000000001,0.7519999999999999,13191.0,1.3294461087607,warm
Bulgaria,1997,9.322222222222221,276.36,,1410.9999999999998,3.197204627184141,cold
Bulgaria,1998,10.409510618651886,304.61,,1851.9999999999998,3.77939884443731,cold
Bulgaria,1999,10.561355311355307,250.70999999999998,,1715.0000000000002,3.0920737553023607,cold
Bulgaria,2000,10.959775349119619,259.22,0.713,1680.0,3.1912429508105813,cold
Bulgaria,2001,10.402283105022823,244.62,,1854.0,3.83122303260369,cold
Bulgaria,2002,10.241151123422588,247.35,,2157.0,4.1102064895165595,cold
Bulgaria,2003,10.09558599695586,207.65,,2800.0000000000005,4.007366588705179,cold
Bulgaria,2004,10.29978749241044,184.11999999999998,,3484.9999999999995,3.5058740413487413,cold
Bulgaria,2005,9.522070015220699,178.06,0.7490000000000001,4003.0000000000005,2.858004185040249,cold
Bulgaria,2006,10.232267884322681,186.53,,4638.0,2.6951213735137096,cold
Bulgaria,2007,11.968864468864474,173.77,,6072.999999999999,2.80145519309751,cold
Bulgaria,2008,11.886453576864525,170.34,,7487.000000000001,3.0369682378022707,cold
Bulgaria,2009,11.474969474969484,154.42,,7185.999999999999,3.21559056061332,cold
Bulgaria,2010,11.589497716894977,158.25000000000006,0.773,7065.999999999999,2.7268572560016797,cold
Bulgaria,2011,10.80867579908675,133.51999999999998,0.775,8136.999999999999,2.3666463340517203,cold
Bulgaria,2012,11.77975106253796,164.17,0.7779999999999999,7745.000000000001,2.2667611313377405,cold
Bulgaria,2013,11.936073059360723,134.16000000000003,0.7789999999999998,8057.000000000001,2.05639549706562,cold
Canada,1997,6.237503890445059,151.43000000000004,,23244.999999999996,1.6748020872592606,cold
Canada,1998,7.917590504822743,150.12,,22268.000000000004,1.7033003738699903,cold
Canada,1999,7.3974703899557674,158.44000000000003,,23571.999999999996,1.9220531205777596,cold
Canada,2000,6.383150902797266,139.00000000000003,0.8670000000000001,25589.000000000004,1.8873537833821095,cold
Canada,2001,7.083079900469997,137.43,,25164.999999999996,2.0739426080012398,cold
Canada,2002,6.253411580594681,137.73000000000002,,25569.999999999996,2.17514171475857,cold
Canada,2003,6.77022424070397,137.27,,29787.0,2.1020316167466992,cold
Canada,2004,6.611658841940538,131.66,,33786.99999999999,2.0522734680588304,cold
Canada,2005,7.223585644883278,133.84,0.8920000000000002,38218.0,1.98886432028757,cold
Canada,2006,7.299911160126231,126.42999999999999,,42566.0,1.9946526506196196,cold
Canada,2007,6.535510216756717,127.45,,46890.0,1.9043109555505795,cold
Canada,2008,6.573285714285713,127.59,,49041.0,1.8756885327840702,cold
Canada,2009,6.4112971898949676,130.66999999999996,,42933.0,2.0626875496590804,cold
Canada,2010,7.230733607997165,132.67000000000002,0.9030000000000001,49974.0,1.9074366626988004,cold
Canada,2011,7.025908537645621,125.02000000000001,0.9089999999999999,54841.00000000001,1.8341582748487502,cold
Canada,2012,7.340569994499465,127.87999999999998,0.9099999999999998,55347.0,1.8364517597559502,cold
Canada,2013,6.386541471048493,133.09,0.9119999999999998,55309.99999999999,1.8669437861429803,cold
Colombia,1997,13.461948249619484,52.76999999999999,,3106.0000000000005,0.0,cold
Colombia,1998,14.085014409221905,81.67999999999999,,2814.0,0.0,cold
Colombia,1999,13.363920099875171,84.10000000000001,,2419.0,0.0,cold
Colombia,2000,12.966818873668194,89.77999999999999,0.654,2755.0000000000005,0.0,cold
Colombia,2001,13.244658119658132,88.26999999999998,,2662.0,0.0,cold
Colombia,2002,13.789660493827165,81.38,,2613.0,0.0,cold
Colombia,2003,13.471915285451187,79.85000000000001,,2489.0,0.0,cold
Colombia,2004,13.110048573163338,84.25,,3033.0,0.0,cold
Colombia,2005,13.339269406392686,74.84,0.6789999999999999,3742.0000000000005,0.0,cold
Colombia,2006,13.244505494505484,78.41,,4095.0,0.0,cold
Colombia,2007,13.063513927150295,74.25000000000003,,5150.0,0.0,cold
Colombia,2008,12.902933832709115,74.22000000000001,,5970.999999999999,0.0,cold
Colombia,2009,13.610653235653247,73.83000000000001,,5643.0,0.0,cold
Colombia,2010,13.852054794520546,67.24000000000001,0.7059999999999998,6836.000000000001,0.0,cold
Colombia,2011,13.779756468797565,62.879999999999995,0.713,7884.999999999999,0.0,cold
Colombia,2012,13.53035822707953,66.45,0.715,8586.0,0.0,cold
Colombia,2013,13.800152207001522,63.529999999999994,0.7179999999999999,8730.999999999998,0.0,cold
Croatia,1997,11.01188271604939,313.7,,5546.000000000001,0.0,cold
Croatia,1998,11.305711610486895,344.30000000000007,,6015.0,0.0,cold
Croatia,1999,12.031833486378952,327.28000000000003,,5459.0,0.0,cold
Croatia,2000,13.252289377289381,322.75,0.7490000000000001,5288.0,0.0,cold
Croatia,2001,12.312024353120249,287.54,,5571.0,0.0,cold
Croatia,2002,12.641512345679017,304.12,,6372.999999999999,0.0,cold
Croatia,2003,12.47747336377474,281.68999999999994,,8202.0,0.0,cold
Croatia,2004,11.69292653309047,302.24,,9829.0,0.0,cold
Croatia,2005,11.24353120243532,269.56999999999994,0.7820000000000001,10722.0,0.0,cold
Croatia,2006,12.344748858447486,248.21999999999994,,11914.000000000002,0.0,cold
Croatia,2007,13.21272953625895,243.45000000000002,,14203.999999999998,0.0,cold
Croatia,2008,12.900335775335764,265.68999999999994,,16680.0,0.0,cold
Croatia,2009,12.914987789987782,254.29,,14872.000000000002,0.0,cold
Croatia,2010,11.787062404870612,241.97,0.8070000000000003,14232.0,0.0,cold
Croatia,2011,12.626331811263311,221.10999999999999,0.814,14890.000000000002,0.0,cold
Croatia,2012,13.090922890103224,239.01,0.8170000000000003,13951.999999999998,0.0,cold
Croatia,2013,12.427853881278542,210.29999999999995,0.8170000000000003,14362.000000000002,0.0,cold
Cyprus,1999,18.777046783625725,1.57,,12388.999999999998,2.733850969551609,warm
Cyprus,2000,22.670063948840934,8.36,0.7999999999999999,11635.000000000002,2.8220901513395407,warm
Cyprus,2004,22.751536643025982,9.169999999999998,,25227.0,1.9557691617926996,warm
Cyprus,2005,19.127549467275497,24.739999999999995,0.8300000000000002,26670.999999999996,2.03746974323698,warm
Cyprus,2006,19.07123287671232,27.639999999999997,,28599.999999999996,1.8999978625024003,warm
Cyprus,2007,19.54531346989448,36.17,,33048.0,1.6845996583175096,warm
Cyprus,2008,20.030745814307465,59.07000000000001,,37267.0,1.6297049444974505,warm
Cyprus,2009,20.570529513888886,55.53,,33816.0,1.8168195077902396,warm
Cyprus,2010,32.277777777777786,58.879999999999995,0.848,32477.000000000004,1.8578077435858498,warm
Czech Republic,1997,7.909436834094369,234.13000000000002,,6314.000000000001,1.66204579070562,cold
Czech Republic,1998,8.766543551862112,226.7,,6779.000000000001,1.8259318203535797,cold
Czech Republic,1999,8.850732600732606,236.93,,6606.0,1.8590699232123205,cold
Czech Republic,2000,9.489981785063762,226.64000000000001,0.8210000000000001,6278.000000000001,1.8773569561648709,cold
Czech Republic,2001,8.316742770167426,220.92000000000002,,6863.000000000001,1.75124955758828,cold
Czech Republic,2002,9.022160664819948,212.14999999999998,,8399.000000000002,1.82440696826275,cold
Czech Republic,2003,8.951445966514463,234.88000000000005,,10220.0,1.8927640441762004,cold
Czech Republic,2004,8.538858530661804,203.01999999999998,,12226.000000000002,1.7137031730212897,cold
Czech Republic,2005,8.530136986301374,193.39999999999998,0.847,13960.999999999998,1.790083772061341,cold
Czech Republic,2006,9.075342465753415,178.4,,15895.999999999998,1.5759061579971299,cold
Czech Republic,2007,9.894230769230761,170.78,,19273.0,1.4309147351499993,cold
Czech Republic,2008,9.369352869352868,175.00999999999996,,23811.0,1.23821201023728,cold
Czech Republic,2009,9.141178266178251,179.70999999999995,,20748.0,1.31853707845672,cold
Czech Republic,2010,7.770167427701676,175.62,0.8629999999999999,20862.0,1.20394027554572,cold
Czech Republic,2011,9.258751902587525,186.23999999999998,0.8660000000000002,23010.0,1.08546999012087,cold
Czech Republic,2012,9.06800242865816,196.23,0.8670000000000001,20898.0,1.07081138704484,cold
Czech Republic,2013,8.329832572298326,186.07000000000002,0.8680000000000002,21073.0,1.0261514525656599,cold
Denmark,1997,8.377016742770172,218.46,,35148.0,1.4320269074662095,cold
Denmark,1998,8.152508464142807,188.68,,35709.99999999999,1.4133231465646103,cold
Denmark,1999,8.709096459096452,183.09000000000003,,35763.0,1.4175701110497296,cold
Denmark,2000,9.063752276867033,181.07000000000002,0.8619999999999998,32841.0,1.3807951998721604,cold
Denmark,2001,8.153576864535767,186.17000000000002,,32837.00000000001,1.3447789185725305,cold
Denmark,2002,8.874115112342256,176.51000000000002,,35435.00000000001,1.34937161936052,cold
Denmark,2003,8.395281582952821,156.7,,43129.0,1.3381604507705498,cold
Denmark,2004,8.370522161505773,161.78,,49552.00000000001,1.2894195004391096,cold
Denmark,2005,8.397564687975644,164.23,0.9020000000000002,51960.0,1.2790335344663202,cold
Denmark,2006,9.014916286149163,162.08,,55354.00000000001,1.21771511844147,cold
Denmark,2007,9.218406593406595,139.95999999999998,,62229.0,1.2018563341401498,cold
Denmark,2008,9.116272009714637,143.04999999999998,,68446.99999999999,1.24551834093203,cold
Denmark,2009,8.618742368742364,144.7,,61863.0,1.3574270258777499,cold
Denmark,2010,6.88143074581431,130.02,0.9079999999999999,61711.00000000001,1.32062080798627,cold
Denmark,2011,8.74596651445967,126.33,0.92,65598.0,1.24894192072944,cold
Denmark,2012,8.219641772920465,143.20999999999998,0.9209999999999999,62071.00000000001,1.26073193919812,cold
Denmark,2013,8.278691019786907,134.54999999999998,0.9229999999999997,64831.00000000001,1.20194924146762,cold
Finland,1997,5.597412480974124,310.35,,26295.999999999996,1.53515505066012,cold
Finland,1998,5.139273622653124,301.43,,27645.999999999996,1.4631755578076495,cold
Finland,1999,6.592746913580245,283.10999999999996,,27800.000000000004,1.22310377157804,cold
Finland,2000,6.964480874316947,265.6499999999999,0.8570000000000001,25716.0,1.2411475036877802,cold
Finland,2001,5.7903621853898075,267.19000000000005,,26382.999999999996,1.14451283258445,cold
Finland,2002,5.895852677189718,255.52000000000004,,28389.999999999996,1.1546372286548598,cold
Finland,2003,5.7860024829298595,243.45000000000002,,34701.0,1.44685726264926,cold
Finland,2004,5.3948087431693965,243.95,,39793.0,1.4701635645735396,cold
Finland,2005,5.9353120243531245,230.51999999999998,0.8690000000000001,41202.0,1.4671904287827697,cold
Finland,2006,6.749844816883925,233.79999999999998,,43487.0,1.4447666748334804,cold
Finland,2007,6.507958371594737,223.08000000000004,,51088.99999999999,1.2908879440068703,cold
Finland,2008,7.012750455373408,220.29,,56521.00000000001,1.3949173943322506,cold
Finland,2009,5.580891330891334,228.48999999999998,,49878.0,1.5669325962351601,cold
Finland,2010,4.7862419205909505,215.21,0.8780000000000002,48939.0,1.5000740535632602,cold
Finland,2011,7.496254681647936,203.60999999999999,0.8810000000000001,53809.00000000001,1.4979504137268895,cold
Finland,2012,5.573818293431555,187.01,0.882,50232.0,1.5360898529978497,cold
Finland,2013,6.539224664224661,196.82999999999998,0.882,52572.0,1.5412761018599594,cold
France,1997,13.81925418569255,266.33,,26394.0,2.3754096531412694,cold
France,1998,13.040968342644307,253.65000000000003,,27189.999999999996,2.2262083065276803,cold
France,1999,13.387438949938948,245.83000000000004,,27117.999999999996,2.17784297022174,cold
France,2000,13.202337583485113,257.23,0.848,24648.0,2.08501824480333,cold
France,2001,12.895890410958913,239.94,,24795.999999999996,2.0306952899654602,cold
France,2002,13.202062172976307,238.63999999999996,,26714.000000000004,2.0462579903799196,cold
France,2003,13.550456621004562,241.30999999999997,,32655.999999999996,2.0956804128006,cold
France,2004,12.739905889496063,232.50999999999996,,37240.0,2.10435083527246,cold
France,2005,12.813366864807186,232.09,0.8670000000000001,38420.0,2.02370691892637,cold
France,2006,13.280593607305933,220.62999999999997,,40097.0,1.9750982998737399,cold
France,2007,12.849130036630024,213.69,,45682.00000000001,1.90752863357749,cold
France,2008,12.527206218564244,216.20999999999998,,49900.99999999999,1.8970758958190699,cold
France,2009,12.909416971916952,216.24,,45775.00000000001,2.0981473345272907,cold
France,2010,11.888432267884324,211.17,0.8810000000000001,44746.99999999999,1.9694193527524095,cold
France,2011,13.70928462709285,211.18000000000004,0.884,48217.00000000001,1.89140621361087,cold
France,2012,12.670992714025514,198.97999999999996,0.8859999999999998,45001.99999999999,1.8710805998475701,cold
France,2013,12.343850022862364,192.33,0.8869999999999999,46921.99999999999,1.8498759182869398,cold
Germany,1997,9.540582143856701,210.95999999999998,,28419.999999999996,2.2963729499775005,cold
Germany,1998,10.270849986677316,200.51000000000002,,28733.000000000004,2.24575228149042,cold
Germany,1999,10.55637719630892,189.24000000000004,,28154.000000000004,2.1849464388580597,cold
Germany,2000,11.165636667954153,185.55000000000004,0.8550000000000001,24921.999999999996,2.13899963372351,cold
Germany,2001,9.757853937168504,185.77999999999997,,24873.999999999996,2.1730622970791797,cold
Germany,2002,10.676939713436068,183.96000000000004,,26441.000000000004,2.2369175184875902,cold
Germany,2003,9.225851851851848,181.23999999999998,,31815.999999999996,2.2967063866431,cold
Germany,2004,10.291287565481127,172.23,,35772.0,2.2452991726422002,cold
Germany,2005,10.113349613349612,161.48999999999998,0.8869999999999999,36289.0,2.18420770288165,cold
Germany,2006,9.539401103230892,152.52,,38088.0,2.13119635555446,cold
Germany,2007,10.509544390419592,146.52,,43667.0,2.1394252913829996,cold
Germany,2008,10.43700242298373,145.52000000000004,,47701.99999999999,2.2594531192635,cold
Germany,2009,10.141250214665986,145.52000000000004,,43570.0,2.4184351810711995,cold
Germany,2010,8.773003938417476,152.17000000000002,0.906,43614.0,2.36792473035643,cold
Germany,2011,10.469490740740731,152.82,0.9109999999999997,47947.00000000001,2.2873942109250796,cold
Germany,2012,9.206435944140864,148.30999999999997,0.9150000000000001,45142.00000000001,2.18544195437133,cold
Germany,2013,8.62085235920852,153.08,0.9150000000000001,48562.99999999999,2.0650246657813596,cold
Greece,1997,17.74185692541857,47.66,,13968.0,3.365868890399129,cold
Greece,1998,18.61218538980972,48.269999999999996,,14008.000000000002,3.53386881535161,warm
Greece,1999,19.287087912087927,45.739999999999995,,13756.000000000002,3.36046994465272,warm
Greece,2000,18.778992106860958,44.86,0.799,12508.999999999998,3.4653553200888108,warm
Greece,2001,18.966971080669712,38.81000000000001,,13042.999999999998,3.251412856228169,warm
Greece,2002,18.44182825484764,38.35,,14676.0,3.07737457530621,warm
Greece,2003,18.28812785388125,40.67,,19202.0,2.4938947524985813,warm
Greece,2004,18.14162112932605,40.92,,22803.999999999996,2.6056725297120895,warm
Greece,2005,17.9296803652968,46.53,0.8530000000000002,23414.000000000004,2.8365962771118904,cold
Greece,2006,17.87297214569942,45.410000000000004,,25739.000000000004,2.7834188702649807,cold
Greece,2007,18.758848876577396,33.91,,29895.999999999996,2.679305921412641,warm
Greece,2008,18.83287545787545,40.300000000000004,,33168.0,2.983052344671309,warm
Greece,2009,18.748546066727894,40.970000000000006,,30785.000000000004,3.22484113782964,warm
Greece,2010,19.515981735159826,39.90000000000001,0.8670000000000001,27885.999999999996,2.7270099254859996,warm
Greece,2011,19.012176560121773,48.67999999999999,0.8640000000000003,26825.000000000004,2.4769491654622406,warm
Greece,2012,15.645003494060111,53.31999999999999,0.8649999999999998,23309.000000000004,2.4076913749927105,cold
Guatemala,1997,19.742009132420087,26.51,,1967.0000000000002,0.7428179433222398,warm
Guatemala,1998,19.93719806763284,37.059999999999995,,2091.0,0.720839850994178,warm
Guatemala,1999,18.795482295482277,36.5,,1926.0,0.6756007598660632,warm
Guatemala,2000,18.805708180708177,27.419999999999995,0.552,1977.0,0.9184016347187488,warm
Guatemala,2001,19.025436953807727,30.590000000000003,,1866.9999999999998,1.0520629291886698,warm
Guatemala,2002,19.522564581388114,40.529999999999994,,2022.0,0.7622450260542942,warm
Guatemala,2003,19.572829131652654,37.34000000000001,,2079.0,0.8156553425252562,warm
Guatemala,2004,19.305246913580273,29.929999999999996,,2214.9999999999995,0.47941608905692107,warm
Guatemala,2005,19.396367521367523,32.61,0.5760000000000001,2450.0,0.383913656735458,warm
Guatemala,2006,19.204670329670318,41.95,,2653.0,0.43182946456192,warm
Guatemala,2007,19.424145299145298,40.269999999999996,,2914.0000000000005,0.39845660146699285,warm
Guatemala,2008,19.022129371711525,54.760000000000005,,3252.0,0.42542117101512006,warm
Guatemala,2009,19.530624807633117,57.57,,3052.9999999999995,0.39065924681442693,warm
Guatemala,2010,19.217047184170482,35.43,0.611,3259.9999999999995,0.41075566192545404,warm
Guatemala,2011,19.167275494672744,34.69,0.617,3661.0000000000005,0.414299826285708,warm
Guatemala,2012,19.09502125075896,41.800000000000004,0.6240000000000001,3778.9999999999995,0.44527416814470694,warm
Guatemala,2013,19.35114155251142,40.690000000000005,0.6260000000000002,3946.9999999999995,0.4637935871549291,warm
Hungary,1997,10.214459665144593,470.44000000000005,,4856.0,8.942492528874892,cold
Hungary,1998,10.853284223449968,436.78,,5010.0,6.600219471959188,cold
Hungary,1999,10.360347985347985,483.88,,5147.0,4.429629709795941,cold
Hungary,2000,11.737249544626591,464.56,0.7690000000000002,4966.0,3.030055777128211,cold
Hungary,2001,10.800152207001526,408.9800000000001,,5546.000000000001,2.70277377254542,cold
Hungary,2002,11.553247152970151,382.74999999999994,,6995.000000000001,2.7306333365116893,cold
Hungary,2003,10.964590964590961,372.0399999999999,,8840.000000000002,2.04629888221727,cold
Hungary,2004,9.275956284153,369.46999999999997,,10806.0,1.7601437494594403,cold
Hungary,2005,9.084322678843227,352.00999999999993,0.8019999999999999,11764.000000000002,1.76232843721919,cold
Hungary,2006,10.01750380517504,312.66,,12021.0,1.68580508013674,cold
Hungary,2007,11.825702075702077,327.32000000000005,,14608.999999999998,1.6284306152931902,cold
Hungary,2008,11.46666666666667,331.67999999999995,,16540.000000000004,1.8391379517934092,cold
Hungary,2009,11.388431013431022,310.71999999999997,,13696.999999999998,1.80045046868212,cold
Hungary,2010,10.05540334855403,321.30999999999995,0.8210000000000001,13761.0,1.6969212712613795,cold
Hungary,2011,10.853424657534243,299.85,0.823,14827.000000000002,1.7731844262190803,cold
Hungary,2012,11.423193685488771,305.96,0.823,13525.000000000002,1.6893828307869194,cold
Hungary,2013,11.276255707762557,266.22999999999996,0.8249999999999998,14332.999999999998,1.6454335658238601,cold
Ireland,1997,10.04977168949771,156.15,,24258.999999999996,7.4792678598744695,cold
Ireland,1998,9.927362265312398,162.17000000000002,,26115.0,6.9802166656099915,cold
Ireland,1999,9.899420024420026,141.22000000000003,,28344.0,6.53012330164809,cold
Ireland,2000,9.412112932604735,142.36,0.8609999999999999,28340.000000000004,6.297164983462731,cold
Ireland,2001,9.381430745814306,148.97,,30536.000000000004,6.508063123100608,cold
Ireland,2002,9.97630040012312,135.82,,35154.0,6.594013340015942,cold
Ireland,2003,9.983713850837146,134.76999999999998,,44473.00000000001,6.486405990792,cold
Ireland,2004,9.934426229508198,129.42,,51661.99999999999,6.358035096691348,cold
Ireland,2005,10.13713850837138,121.10999999999999,0.895,55213.00000000001,6.264912690414737,cold
Ireland,2006,10.271689497716894,126.46000000000001,,58941.0,6.04956445483926,cold
Ireland,2007,10.254208754208753,121.77000000000001,,67032.0,6.367865558416001,cold
Ireland,2008,9.543378995433784,129.55999999999997,,67173.0,6.391801084464887,cold
Ireland,2009,9.62225274725275,132.63000000000002,,57390.0,6.148111928525592,cold
Ireland,2010,8.484474885844756,120.30000000000001,0.9079999999999999,52042.00000000001,5.936345040026752,cold
Ireland,2011,10.065905631659056,138.57999999999998,0.9089999999999999,56655.0,5.793753357796881,cold
Ireland,2012,9.447024893746203,137.66,0.9099999999999998,53443.00000000001,5.671590452593949,cold
Ireland,2013,9.5578386605784,117.40999999999998,0.9119999999999998,56628.0,5.573191343100738,cold
Israel,1997,20.265277777777772,126.57999999999998,,21921.0,1.6266927994662101,warm
Israel,1998,21.719681571815713,100.11000000000001,,21637.0,1.6445088791320497,warm
Israel,1999,21.565379403794044,102.58,,21319.0,1.6832997980888205,warm
Israel,2000,21.023896499238962,108.56000000000002,0.8499999999999998,23451.0,1.7410595043212298,warm
Israel,2001,21.049819731235658,108.23000000000002,,22623.0,1.67936473768145,warm
Israel,2002,21.428503787878793,93.49000000000001,,20536.0,1.7061872461628995,warm
Israel,2003,20.967682363804244,97.17,,21133.0,1.7089955372422796,warm
Israel,2004,20.720911176663417,98.43999999999998,,22167.999999999996,1.6826732696167899,warm
Israel,2005,21.77516544757925,102.91,0.87,22901.000000000004,1.6051704156235498,warm
Israel,2006,21.787065180682188,80.52,,24306.0,1.5254829046465999,warm
Israel,2007,21.289287295263392,73.66999999999999,,27711.999999999996,1.4518075477953205,warm
Italy,1997,14.21415525114154,117.04000000000002,,22869.0,0.6550548268174139,cold
Italy,1998,14.118574946137278,113.84000000000002,,23342.000000000004,0.5449478289716639,cold
Italy,1999,14.337835775335778,99.72,,23001.999999999996,0.5110515264186729,cold
Italy,2000,14.465496276029798,99.22,0.8290000000000003,21027.0,0.4863197612969739,cold
Italy,2001,14.208523592085262,95.87,,21392.0,0.504358949501446,cold
Italy,2002,14.080640196983689,94.61,,23226.999999999996,0.585431033566746,cold
Italy,2003,14.643835616438345,94.41999999999997,,28572.0,0.5815962975886579,cold
Italy,2004,13.78756830601093,91.33000000000001,,32703.999999999996,0.5359699675595302,cold
Italy,2005,13.460882800608823,82.58999999999999,0.8560000000000002,33536.00000000001,0.5276636946188971,cold
Italy,2006,14.020624048706253,81.61000000000001,,34578.0,0.6089223187637788,cold
Italy,2007,14.297695360195348,81.96000000000004,,38935.0,0.65245791026588,cold
Italy,2008,14.330815018315015,81.68999999999998,,41935.0,0.953358265634252,cold
Italy,2009,14.50496031746034,81.92999999999998,,38101.0,0.9472148986217869,cold
Italy,2010,13.764079147640786,80.77000000000001,0.8690000000000001,36869.0,0.8742131707203727,cold
Italy,2011,14.600684931506843,86.08,0.8729999999999999,40210.0,0.9254452620105739,cold
Italy,2012,14.479735883424413,85.45,0.872,36497.0,0.929816796754045,cold
Italy,2013,14.276255707762543,84.86,0.8729999999999999,37050.0,0.8995950425117107,cold
Japan,1997,13.299594114662634,237.38,,37080.0,0.9204378981264357,cold
Japan,1998,13.624002455494177,306.59999999999997,,33791.00000000001,0.9385947746529538,cold
Japan,1999,13.659035409035395,298.90000000000003,,38164.0,0.9452483374444202,cold
Japan,2000,13.267304189435357,278.52000000000004,0.8570000000000001,40813.0,0.9311361556541979,cold
Japan,2001,12.71841704718416,267.16,,35843.0,0.9470798558331178,cold
Japan,2002,13.218682671591248,265.84,,34239.0,0.9558346715474172,cold
Japan,2003,12.88863521055302,279.4099999999999,,36926.0,0.95567390575915,cold
Japan,2004,13.981886257842541,266.24999999999994,,39960.0,0.9416076384343381,cold
Japan,2005,13.050938609842715,266.88999999999993,0.874,39412.0,0.9315816525888098,cold
Japan,2006,13.462658548959913,262.24,,37534.0,0.9171970375780282,cold
Japan,2007,14.083231583231585,268.75999999999993,,37408.0,0.8976266541179592,cold
Japan,2008,13.7125648063434,265.32,,41773.0,0.920247843496941,cold
Japan,2009,13.834808709808717,266.69,,43415.0,0.9837773569410478,cold
Japan,2010,14.133891425672262,255.48,0.884,47059.00000000001,0.9588513250321423,cold
Japan,2011,13.664738711314063,252.41000000000003,0.8859999999999998,50919.0,0.9868062925244483,cold
Japan,2012,13.417375025298528,233.70000000000002,0.8879999999999998,51379.00000000001,0.96742708258411,cold
Japan,2013,13.935159817351597,231.16000000000003,0.8900000000000002,42781.0,0.950865860745235,cold
Kazakhstan,1997,10.044140030441412,433.7400000000001,,1539.9999999999998,1.3406385983861098,cold
Kazakhstan,1998,9.349646044936906,440.52000000000004,,1599.0,1.22012251882916,cold
Kazakhstan,1999,9.913766788766793,407.72999999999996,,1225.0,1.18697414805458,cold
Kazakhstan,2000,10.009562841530043,426.04999999999995,0.6789999999999999,1328.0,1.3137420322459699,cold
Kazakhstan,2001,10.252302025782694,422.48999999999995,,1608.0,1.5047549019607798,cold
Kazakhstan,2002,10.11880578639582,405.89,,1788.0,1.6324078112128702,cold
Kazakhstan,2003,8.925266362252662,411.7099999999999,,2232.0,1.65009984272562,cold
Kazakhstan,2004,10.066029143897987,413.85999999999996,,3109.9999999999995,1.61419423692636,cold
Kazakhstan,2005,9.604414003044146,357.80000000000007,0.7460000000000001,4096.0,1.6905870137942196,cold
Kazakhstan,2006,10.428023327194596,374.72999999999996,,5769.999999999999,1.45517741016444,cold
Kazakhstan,2007,10.006925207756233,375.6300000000001,,7422.999999999999,1.5479124958340098,cold
Kazakhstan,2008,10.269159741458912,366.93999999999994,,9387.0,1.6158502942742403,cold
Kazakhstan,2009,9.48397435897436,330.07000000000005,,8024.000000000001,1.5614480348417805,cold
Kazakhstan,2010,9.513698630136986,320.81000000000006,0.7659999999999997,10062.0,1.5551378679399697,cold
Kazakhstan,2011,9.403775322283618,293.76,0.7720000000000001,12969.0,1.5414189514013896,cold
Kazakhstan,2012,9.695536828963798,271.02,0.7779999999999999,13845.0,1.6663889781924597,cold
Kazakhstan,2013,10.732267884322683,296.67,0.785,15552.0,1.5619099161069305,cold
Kuwait,1997,26.179216406489093,19.939999999999998,,18766.0,2.6633878077206394,warm
Kuwait,1998,27.254385964912277,16.209999999999997,,14209.000000000002,2.79444200391705,warm
Kuwait,1999,27.370064279155184,16.82,,15864.0,2.492577219796109,warm
Kuwait,2000,26.823466909532495,15.23,0.8039999999999998,19112.0,2.4573175195553394,warm
Kuwait,2001,27.100761035007604,9.129999999999999,,17116.000000000004,2.4278777409132197,warm
Kuwait,2002,26.91697530864197,14.56,,17668.000000000004,2.31547437727618,warm
Kuwait,2003,27.131354642313557,16.44,,24543.999999999996,2.3286646177887396,warm
Kuwait,2004,26.884335154826967,17.26,,29778.0,2.33106488784499,warm
Kuwait,2005,26.673419275629197,18.18,0.7950000000000003,39166.0,2.4672827371856805,warm
Kuwait,2006,27.073059360730607,15.83,,46890.0,2.48836866984537,warm
Kuwait,2007,26.93284493284493,13.02,,37283.0,2.46963885628269,warm
Kuwait,2008,26.828601953601943,11.76,,43746.0,2.4894029846220396,warm
Kuwait,2009,26.89209401709401,14.810000000000002,,33453.0,2.603514322049979,warm
Kuwait,2010,27.960622710622676,10.04,0.809,35171.00000000001,2.46271920274076,warm
Kuwait,2011,26.538156288156305,11.409999999999998,0.8119999999999999,46203.0,2.47295558071308,warm
Kuwait,2012,27.134220997857344,15.59,0.8149999999999998,49780.99999999999,2.4992997069532294,warm
Kuwait,2013,26.782356532356513,9.879999999999999,0.8159999999999997,48729.0,2.50300919011492,warm
Latvia,1997,7.500608828006087,492.56999999999994,,2770.9999999999995,2.11775043323025,cold
Latvia,1998,5.797364672364673,441.8400000000001,,3061.0000000000005,2.2974498885005104,cold
Latvia,1999,8.311507936507935,420.40999999999997,,3228.0,3.02443012545734,cold
Latvia,2000,8.687214611872145,453.2,0.727,3493.9999999999995,2.3687495214315,cold
Latvia,2001,7.761643835616444,383.49000000000007,,3724.0000000000005,2.1871757634046496,cold
Latvia,2002,8.171283471837487,367.76,,4311.0,2.10246696484394,cold
Latvia,2003,7.681623931623933,361.63000000000005,,5364.0,2.0090855539654795,cold
Latvia,2004,7.318306010928961,328.38,,6644.000000000001,2.1541563505001795,cold
Latvia,2005,7.282343987823435,312.06,0.8060000000000002,7916.000000000001,2.0614256770635504,cold
Latvia,2006,7.846224677716395,288.9,,10139.0,2.2268269670499294,cold
Latvia,2007,7.827380952380953,295.75000000000006,,14758.000000000002,2.2992237993029305,cold
Latvia,2008,8.068070818070819,323.68999999999994,,17217.0,2.448351937749601,cold
Latvia,2009,7.0227411477411446,307.7999999999999,,12889.999999999998,2.5528711793845407,cold
Latvia,2010,6.076063666972755,259.34000000000003,0.8109999999999999,11950.999999999998,2.1641296823229506,cold
Latvia,2011,7.489497716894978,288.75,0.8119999999999999,14446.999999999998,2.0621804678471904,cold
Latvia,2012,6.803324099722986,267.67999999999995,0.8129999999999998,14557.999999999998,1.92611281029265,cold
Latvia,2013,7.304109589041091,242.19000000000003,0.8159999999999997,15820.000000000002,2.12453879661093,cold
Mexico,1997,20.247200117889776,57.070000000000014,,5864.000000000001,2.0440066828525603,warm
Mexico,1998,21.719310344827594,56.839999999999996,,6063.999999999999,1.90682793613908,warm
Mexico,1999,20.798033017211093,54.889999999999986,,6800.000000000001,1.9812449129687397,warm
Mexico,2000,20.53326646606485,54.89,0.6990000000000002,7892.000000000001,1.90443634841287,warm
Mexico,2001,20.421604938271603,63.300000000000004,,8310.999999999998,1.9882440461278,warm
Mexico,2002,20.534632034632043,58.36000000000001,,8357.000000000002,2.0463235623113993,warm
Mexico,2003,20.45532646048109,63.0,,7779.0,2.0032466981632404,warm
Mexico,2004,20.248986647591767,60.75,,8217.0,1.9490422229853899,warm
Mexico,2005,21.000189178963282,62.220000000000006,0.7220000000000001,9071.0,1.92033603090448,warm
Mexico,2006,20.74460242232752,59.220000000000006,,9906.0,1.8816527213005705,warm
Mexico,2007,20.243458475540407,58.010000000000005,,10496.0,1.8618458458960403,warm
Mexico,2008,20.400749923477203,60.83,,10864.0,1.8896386500965099,warm
Mexico,2009,21.13202075702075,64.14,,8651.000000000002,2.0842205234820104,warm
Mexico,2010,20.27809487569762,61.00999999999999,0.7460000000000001,9991.0,1.9350683784887204,warm
Mexico,2011,21.1070292620865,65.52,0.7480000000000001,10965.0,1.8708687389468597,warm
Mexico,2012,20.89246294544307,63.43,0.7539999999999999,10981.999999999998,1.9059213061639204,warm
Mexico,2013,20.513729246487866,64.99000000000001,0.7549999999999998,11478.0,1.9484901824842396,warm
New Zealand,1997,14.835159817351608,198.28000000000003,,19041.0,0.43583575542203906,cold
New Zealand,1998,16.25238534933825,201.07000000000002,,16051.999999999998,0.5483123928642211,cold
New Zealand,1999,15.67139804639806,176.80000000000004,,16555.999999999996,0.8554156303262338,cold
New Zealand,2000,15.495129375951292,157.54,0.874,14725.000000000002,0.5435316451865779,cold
New Zealand,2001,15.439087848178767,179.9,,14968.000000000002,0.780315876986167,cold
New Zealand,2002,15.286324786324775,152.03000000000003,,18208.0,0.95433804485135,cold
New Zealand,2003,15.165421724245258,172.35,,23663.000000000004,0.570707544874932,cold
New Zealand,2004,14.74817850637522,163.41000000000003,,27324.999999999996,0.490996769130759,cold
New Zealand,2005,15.828767123287678,157.93000000000004,0.895,29802.999999999996,0.397422937174069,cold
New Zealand,2006,15.014155251141544,156.74,,28628.000000000004,0.34837543409558897,cold
New Zealand,2007,15.404609279609277,148.19,,34892.00000000001,0.3703548311598921,cold
New Zealand,2008,15.491300366300372,151.77999999999994,,33585.0,0.4890841346089379,cold
New Zealand,2009,14.923840048840047,153.00000000000003,,30258.999999999996,0.505855627592204,cold
New Zealand,2010,15.694444444444459,152.62,0.9050000000000001,36145.0,0.5392311181316931,cold
New Zealand,2011,15.616133942161342,142.82000000000002,0.907,41184.0,0.579227020085957,cold
New Zealand,2012,15.06265432098766,158.03000000000003,0.9089999999999999,42756.0,0.5025411217310461,cold
New Zealand,2013,15.800608828006078,144.55,0.9109999999999997,46198.00000000001,0.4696953005607571,cold
Nicaragua,2010,27.4536780547861,88.74000000000001,0.6189999999999999,1715.0000000000002,0.50547171122623,warm
Nicaragua,2011,27.32890720390723,89.54999999999998,0.623,1887.9999999999998,0.526411336502478,warm
Nicaragua,2012,27.351141552511454,72.28999999999999,0.625,2006.0000000000002,0.6659035538231363,warm
Nicaragua,2013,27.732572298325717,80.97000000000001,0.628,2061.9999999999995,0.678614214907198,warm
Norway,1997,5.854642313546427,158.60999999999999,,39335.0,0.8807078459821827,cold
Norway,1998,5.1622037550015385,153.66,,37334.0,0.9270554604530571,cold
Norway,1999,5.53800366300367,163.32999999999998,,39013.0,0.9473695751324421,cold
Norway,2000,6.463418336369152,150.33,0.9170000000000001,41099.0,0.9621503183236358,cold
Norway,2001,4.89763658686311,154.29000000000002,,41281.0,1.09833438437267,cold
Norway,2002,5.217746913580247,141.0,,46048.99999999999,1.4476499803549299,cold
Norway,2003,5.520909645909647,138.07999999999996,,53533.00000000001,1.59225110118825,cold
Norway,2004,5.622191863995145,141.37,,61450.00000000001,1.7932923984116897,cold
Norway,2005,6.04444444444444,142.09,0.9309999999999999,71215.00000000001,1.9291613759865298,cold
Norway,2006,6.207762557077626,142.67000000000002,,79007.0,1.7491098626311297,cold
Norway,2007,5.841750841750842,127.77,,90797.00000000001,1.54739388856211,cold
Norway,2008,6.462468789013733,132.03,,103431.0,1.5999716527681602,cold
Norway,2009,5.1193528693528725,145.73999999999995,,85394.0,1.6454478119384095,cold
Norway,2010,3.03207489257213,136.42999999999998,0.9400000000000001,93638.00000000001,1.5636658746753398,cold
Norway,2011,5.8184170471841705,146.49,0.9410000000000002,107430.0,1.5406516213765402,cold
Norway,2012,4.905889496053427,125.99999999999999,0.9420000000000001,108408.0,1.4318323979559,cold
Norway,2013,5.097716894977167,127.00999999999999,0.9420000000000001,109803.99999999999,1.5418601055315302,cold
Oman,2009,29.25066533599465,21.189999999999998,,18557.0,2.69946437700673,warm
Oman,2010,29.1864604125083,3.8000000000000003,0.7950000000000003,21337.0,2.6569956427458106,warm
Panama,1997,27.6960426179604,83.19,,4227.0,5.621216488901701,warm
Panama,1998,27.911665127731634,76.68999999999998,,4488.0,5.415095044254404,warm
Panama,1999,27.13018925518928,77.62999999999998,,4606.0,5.18989926490607,warm
Panama,2000,27.366879174256223,85.58000000000001,0.7140000000000001,4577.0,4.168722713814959,warm
Panama,2001,26.863942454851568,86.77000000000001,,4558.0,3.8789339447945497,warm
Panama,2002,27.876388888888886,78.94,,4641.0,4.073770167876568,warm
Panama,2003,27.83502616189595,97.24,,4790.0,4.09142718735613,warm
Panama,2004,27.674868461776516,81.76,,5144.0,3.956034116691469,warm
Panama,2005,27.16681929181929,77.80999999999999,0.7330000000000001,5499.0,3.89701939256291,warm
Panama,2006,26.91043397968606,91.63,,5972.000000000001,3.6452552043777104,warm
Panama,2007,27.167129629629624,71.89999999999999,,6876.0,3.5119861001109807,warm
Panama,2008,26.927529484792057,73.3,,7971.999999999999,3.459371003627451,warm
Panama,2009,27.343406593406588,68.29,,8436.0,3.2652239932295486,warm
Panama,2010,27.310988674625055,64.0,0.761,8991.0,3.4236909729443705,warm
Panama,2011,26.74079147640793,62.730000000000004,0.7590000000000002,10403.0,3.2856508160232507,warm
Panama,2012,27.18472981177901,55.519999999999996,0.7720000000000001,11908.000000000002,3.4843987728531207,warm
Panama,2013,27.416666666666668,49.309999999999995,0.7769999999999998,13189.000000000002,3.4709725070834394,warm
Philippines,1997,27.658599695585966,20.24,,1312.0,1.0753537542736,warm
Philippines,1998,28.433024691358032,22.05,,1124.0,0.8792203206683898,warm
Philippines,1999,27.46617692072238,24.88,,1262.0,0.6913945222923671,warm
Philippines,2000,27.72465088038859,32.21,0.623,1205.0,0.6391076543176619,warm
Philippines,2001,27.956382001836527,27.079999999999995,,1108.9999999999998,0.5472948523052321,warm
Philippines,2002,27.807253086419752,28.540000000000003,,1158.0,0.37163793146089397,warm
Philippines,2003,27.807704112952752,33.41,,1169.0,0.3457631814503381,warm
Philippines,2006,27.978234398782337,36.66,,1599.0,0.3769200472627022,warm
Philippines,2007,28.093101343101377,29.17,,1914.9999999999998,0.4116026003391751,warm
Philippines,2008,27.749158249158253,33.05,,2187.9999999999995,0.3370144706778369,warm
Philippines,2009,27.59188034188034,34.89,,2073.0,0.44794302314684703,warm
Philippines,2010,28.48873668188735,36.96000000000001,0.654,2412.0,0.32514450867052,warm
Philippines,2011,27.682952815829534,44.90999999999999,0.653,2662.0,0.35692509732188876,warm
Poland,1999,9.14087301587301,184.14999999999998,,4640.0,1.9011357712238606,cold
Poland,2000,9.651639344262293,191.01,0.7859999999999999,4744.0,1.8303365853136107,cold
Poland,2001,8.388432267884331,180.65,,5249.0,1.9056380012179892,cold
Poland,2002,9.205755617112958,183.26999999999995,,5466.0,1.90063864932514,cold
Poland,2003,8.371232876712332,180.14999999999995,,5982.999999999999,1.9080420365751298,cold
Poland,2004,8.465695203400122,187.73999999999995,,7014.0,1.8732410064926002,cold
Poland,2005,8.667427701674269,186.04,0.8050000000000003,8417.000000000002,1.9261298699200802,cold
Poland,2006,9.296193984039293,182.85,,9485.0,1.9200447924144506,cold
Poland,2007,9.737179487179496,166.46999999999994,,11815.999999999998,2.0018693083979904,cold
Poland,2008,9.841117216117222,177.37999999999997,,14721.0,1.75146123575018,cold
Poland,2009,8.800061050061059,197.1,,12141.0,1.7971765213437,cold
Poland,2010,7.9642313546423145,190.64,0.8290000000000003,13303.999999999998,1.8338778577151598,cold
Poland,2011,9.093455098934557,183.86,0.8330000000000001,14686.000000000002,1.7880119273128303,cold
Poland,2012,8.700060716454152,192.37000000000003,0.8379999999999997,13894.000000000002,1.7960937140402295,cold
Poland,2013,8.895585996955854,187.58999999999997,0.8399999999999997,14551.999999999998,1.7693939567685304,cold
Portugal,1997,18.22237484737487,102.17999999999999,,12237.0,1.2851949581883406,warm
Portugal,1998,17.63710925410089,87.05999999999999,,12892.000000000002,1.3654964034734798,cold
Portugal,1999,17.372359963269055,89.46,,13180.000000000002,2.1191685677430097,cold
Portugal,2000,16.82027929568915,85.88000000000001,0.7820000000000001,12151.999999999998,1.56107730666779,cold
Portugal,2001,16.78843226788433,115.73000000000003,,12391.000000000002,1.57374922722025,cold
Portugal,2002,16.844875346260388,171.82999999999998,,13614.0,1.5416369947896493,cold
Portugal,2003,17.254642313546434,166.45999999999998,,16671.0,1.3704319516185899,cold
Portugal,2007,16.913443830570895,143.54999999999998,,24003.0,1.5603300063991796,cold
Portugal,2008,16.846575342465766,141.01999999999998,,26121.0,1.7794278633306695,cold
Portugal,2009,17.822496947496937,139.7,,24254.000000000004,1.96174317118212,cold
Portugal,2010,17.322374429223753,148.84,0.8190000000000003,23673.0,1.6229763908373498,cold
Portugal,2011,17.40735653235654,127.86,0.8249999999999998,24336.999999999996,1.5335940695348105,cold
Portugal,2012,16.138356164383563,139.4,0.8269999999999998,21573.0,1.39642376797305,cold
Portugal,2013,16.328435873890413,132.73,0.8279999999999997,22641.0,1.7777336403050203,cold
Romania,1997,10.192541856925416,161.6,,1677.0,2.2444548068144505,cold
Romania,1998,11.027470841006751,161.28999999999996,,1967.0000000000002,2.1961188759070898,cold
Romania,1999,11.842643467643475,158.27,,1698.0,2.13385611682162,cold
Romania,2000,12.126442015786283,159.19000000000003,0.7059999999999998,1758.0,2.13806485870669,cold
Romania,2001,11.659969558599697,149.10999999999999,,1914.0,2.1723883128702197,cold
Romania,2002,11.576792859341333,173.6,,2231.0000000000005,2.3123676141070293,cold
Romania,2003,11.077686202686197,159.70999999999998,,2898.0,2.41101866813613,cold
Romania,2004,11.065573770491808,151.19,,3697.9999999999995,2.43410380967984,cold
Romania,2005,10.828310502283104,146.01,0.7509999999999999,4847.0,2.463523711036048,cold
Romania,2006,11.361035007610347,149.09,,6018.0,2.4387670768397807,cold
Romania,2007,12.624389499389492,136.05999999999997,,8592.999999999998,2.4084079075183,cold
Romania,2008,12.008852258852274,140.4,,10454.0,2.5144429651102405,cold
Romania,2009,12.096916971916984,144.01999999999998,,8465.000000000002,2.7552560500477994,cold
Romania,2010,11.547488584474882,150.04000000000002,0.785,8190.0,2.7194167392821,cold
Romania,2011,11.128006088280065,138.78,0.7859999999999999,9086.0,2.62096142751002,cold
Romania,2012,12.088038858530664,142.03,0.7879999999999999,9015.0,2.52903849650089,cold
Romania,2013,11.999086757990879,137.99,0.7909999999999998,10080.0,2.38288871719791,cold
Singapore,1997,28.311567732115687,206.64999999999998,,34779.0,2.9312610897864206,warm
Singapore,1998,28.400123114804547,215.35999999999999,,29150.000000000004,2.9631749959267992,warm
Singapore,1999,27.55738705738708,166.45000000000005,,28788.999999999996,3.0867477894247597,warm
Singapore,2000,27.541135397692802,164.33999999999997,0.8190000000000003,31446.0,3.0100273213879105,warm
Singapore,2001,27.615829528158297,167.80000000000004,,28773.999999999996,2.9213570873719394,warm
Singapore,2002,28.114188981225002,172.39000000000001,,29048.000000000004,2.8417574035088307,warm
Singapore,2003,27.82020757020757,172.73999999999998,,30066.999999999996,2.7208949002573104,warm
Singapore,2004,27.911050394656986,167.47999999999996,,34799.00000000001,2.8334767530042098,warm
Singapore,2005,28.063165905631667,180.33,0.8409999999999997,38122.0,2.761865973027921,warm
Singapore,2006,27.80182648401828,148.74999999999997,,43318.0,2.5669414465642006,warm
Singapore,2007,27.588522588522554,165.76000000000002,,53098.00000000001,2.41196857953841,warm
Singapore,2008,27.534094368340963,150.25,,55735.00000000001,2.5838284316865394,warm
Singapore,2009,27.987637362637358,149.58,,54412.99999999999,2.827396947320151,warm
Singapore,2010,28.153424657534256,129.23000000000002,0.8969999999999999,66099.0,2.6764816123959196,warm
Singapore,2011,27.640943683409446,116.96,0.9030000000000001,76638.0,2.62283343360247,warm
Singapore,2012,27.615513054037663,141.61999999999998,0.9050000000000001,80040.0,2.52710471022211,warm
Singapore,2013,27.734855403348558,137.87,0.9089999999999999,83151.0,2.463511106345661,warm
South Africa,1997,16.528614916286156,4.95,,3960.0,1.1969122297618,cold
South Africa,1998,16.58802708525702,7.699999999999999,,3511.9999999999995,1.1791418545260701,cold
South Africa,1999,17.295329670329654,10.87,,3424.0000000000005,1.20212680514523,cold
South Africa,2000,17.010018214936252,9.54,0.6319999999999998,3361.0000000000005,1.04836027705155,cold
South Africa,2001,16.747031963470324,12.43,,2953.0000000000005,1.1156674925051602,cold
South Africa,2002,16.590951061865212,6.9799999999999995,,2769.0,1.10124043617179,cold
South Africa,2003,16.754884004884023,9.240000000000002,,4132.000000000001,1.11544277826225,cold
South Africa,2004,17.04007285974497,12.63,,5323.0,1.0578248701437303,cold
South Africa,2005,16.720091324200908,15.29,0.613,5913.999999999999,1.1286015130085798,cold
South Africa,2006,16.9060882800609,17.919999999999998,,6165.999999999999,1.2538573605126198,cold
South Africa,2007,16.978420569329646,12.12,,6708.0,1.3496322253531003,cold
South Africa,2008,16.982448107448096,14.139999999999999,,6573.0,1.2794857699415099,cold
South Africa,2009,17.357600732600737,10.709999999999999,,6516.999999999999,1.32213990827877,cold
South Africa,2010,17.090715372907162,13.09,0.6429999999999999,8127.999999999999,1.2071048838686,cold
South Africa,2011,16.927092846270913,9.309999999999999,0.6510000000000001,8906.000000000002,1.2875056323037297,cold
South Africa,2012,17.00910746812387,13.56,0.659,8346.999999999998,1.1032641761730901,cold
South Africa,2013,17.056621004566203,14.9,0.6630000000000001,7611.999999999999,1.2486056901826101,cold
Spain,1997,16.014155251141563,131.32,,15738.0,1.5373943238972496,cold
Spain,1998,15.36842105263157,124.04,,16473.0,1.5718991742994195,cold
Spain,1999,15.201058201058183,119.08,,16756.000000000004,1.93375948296444,cold
Spain,2000,14.824225865209458,122.21000000000002,0.8269999999999998,15538.000000000002,1.68791408249273,cold
Spain,2001,14.785388127853869,112.4,,16168.999999999998,1.6585810514861505,cold
Spain,2002,15.275315481686688,115.64,,17924.0,1.6948547944758203,cold
Spain,2003,16.391174080845,116.48999999999997,,22701.0,1.4799645947513895,cold
Spain,2004,15.668488160291453,112.63000000000001,,26372.000000000004,1.4920175346911397,cold
Spain,2005,15.757737189244041,107.66,0.8450000000000001,28092.0,1.3995951133185407,cold
Spain,2006,16.011618467782817,99.86999999999999,,30246.0,1.3703608751370997,cold
Spain,2007,14.706807081807078,98.94999999999997,,34769.00000000001,1.3671189498065504,cold
Spain,2008,14.944139194139202,98.51999999999998,,37848.0,1.52141943926671,cold
Spain,2009,15.681318681318677,98.01999999999998,,34470.0,1.6123693117446003,cold
Spain,2010,14.877777777777771,87.44,0.8670000000000001,32838.99999999999,1.3209708538869995,cold
Spain,2011,16.110553018772183,88.58999999999999,0.87,34097.00000000001,1.2831676767111801,cold
Spain,2012,15.636156648451722,96.88,0.874,30146.000000000004,1.25005528138029,cold
Spain,2013,15.354642313546423,101.31999999999998,0.874,30792.0,1.3450914546932602,cold
Sri Lanka,1997,27.517425174251727,472.09999999999997,,900.0,1.5373943238972496,warm
Sri Lanka,1998,28.23424796747967,451.15000000000003,,934.9999999999999,1.5718991742994195,warm
Sri Lanka,1999,27.27030651340996,445.23999999999995,,919.9999999999999,1.93375948296444,warm
Sri Lanka,2000,27.233333333333338,427.2900000000001,0.6789999999999999,952.9999999999999,1.68791408249273,warm
Sri Lanka,2001,27.26104972375693,358.06,,912.0,1.6585810514861505,warm
Sri Lanka,2002,27.147685185185185,339.41,,951.0,1.6948547944758203,warm
Sri Lanka,2003,27.436377473363773,352.75000000000006,,1077.0,1.4799645947513895,warm
Sri Lanka,2006,27.307153729071548,328.7300000000001,,1580.0000000000002,1.3703608751370997,warm
Sweden,1997,7.393455098934545,167.19000000000003,,31821.0,2.02481003710903,cold
Sweden,1998,6.698611111111105,175.8,,31965.999999999996,1.7329155876812894,cold
Sweden,1999,8.381562881562877,172.64,,32328.0,1.7829254421203695,cold
Sweden,2000,8.488160291438982,162.50000000000003,0.8969999999999999,30896.000000000004,1.6793328209945104,cold
Sweden,2001,7.629680365296802,167.49000000000004,,28428.999999999996,1.7782655216878405,cold
Sweden,2002,8.106327160493827,162.71,,31175.000000000004,1.6773754709083304,cold
Sweden,2003,7.900859422958868,153.41,,38997.0,1.7343163749901593,cold
Sweden,2004,7.2484820886460275,157.41000000000003,,44830.99999999999,1.8976402274236897,cold
Sweden,2005,7.572754946727556,164.61999999999995,0.8920000000000002,45562.99999999999,1.6023523510766104,cold
Sweden,2006,8.093911719939111,160.76,,48976.99999999999,1.41343002330889,cold
Sweden,2007,7.94123931623932,147.38999999999996,,56530.99999999999,1.4682835893555906,cold
Sweden,2008,8.260121765601221,155.68,,59155.00000000001,1.15019319695979,cold
Sweden,2009,7.344017094017101,160.4,,49069.99999999999,1.0208783356142497,cold
Sweden,2010,5.57808219178082,146.54000000000002,0.9009999999999997,55351.99999999999,0.7379153632704459,cold
Sweden,2011,8.117199391171987,141.77,0.9030000000000001,63379.99999999999,0.8555040633174639,cold
Sweden,2012,6.819064966605949,148.10999999999999,0.9040000000000002,60775.99999999999,0.936679584641367,cold
Sweden,2013,7.322831050228307,158.20000000000005,0.9050000000000001,64132.99999999999,1.03655893266994,cold
Switzerland,1997,10.139447491367052,266.77,,42923.0,3.533758042232789,cold
Switzerland,1998,10.105766265803256,273.41999999999996,,43872.0,2.757649040063019,cold
Switzerland,1999,10.02210936698471,251.98,,42859.0,2.941966504551248,cold
Switzerland,2000,10.590043553124675,266.2,0.8879999999999998,39952.0,2.8984453503228305,cold
Switzerland,2001,10.128021531586416,261.69,,40582.0,2.9058928739523306,cold
Switzerland,2002,10.455699455236903,273.70000000000005,,43419.0,3.046704356600499,cold
Switzerland,2003,10.814169215086629,242.66000000000003,,50638.99999999999,2.88832070386545,cold
Switzerland,2004,10.060933536276009,242.27000000000004,,56122.99999999999,2.6124422812317607,cold
Switzerland,2005,9.832927076985582,246.19,0.9040000000000002,57790.00000000001,2.5606628073507003,cold
Switzerland,2006,10.564485032978183,241.62999999999997,,60535.99999999999,2.5401032579817997,cold
Switzerland,2007,10.676231176231164,255.81,,66807.0,2.479319164631201,cold
Switzerland,2008,10.229514838448308,237.51,,76202.0,2.44834863979135,cold
Switzerland,2009,10.650081400081396,180.12999999999997,,73529.0,2.773115325148759,cold
Switzerland,2010,9.560426179604251,160.52000000000004,0.9239999999999998,78474.0,2.6259581262101794,cold
Switzerland,2011,10.69431760527651,168.21999999999997,0.9250000000000003,93053.00000000001,2.5700519348757997,cold
Switzerland,2012,10.079892734264314,165.38999999999996,0.9270000000000002,87951.0,2.72891584614661,cold
Switzerland,2013,9.432420091324207,170.26000000000002,0.928,89634.0,2.76681242226503,cold
Thailand,1997,29.994063926940644,86.37,,2689.0,1.8953785493487503,warm
Thailand,1998,28.799938442597732,99.55999999999999,,2004.9999999999998,1.8465657246196898,warm
Thailand,1999,27.61538461538461,109.03,,2202.9999999999995,1.7165485821754596,warm
Thailand,2000,27.943078324225848,106.10000000000001,0.6480000000000001,2169.0,1.75327199190324,warm
Thailand,2002,29.29393659587565,103.11999999999999,,2305.0,1.6774718030345503,warm
Thailand,2003,29.162404870624048,91.16,,2531.0,1.65791227499424,warm
Thailand,2004,29.279295689131754,86.06,,2848.9999999999995,1.5852887040307804,warm
Thailand,2005,29.475038051750378,77.99,0.6840000000000002,3094.0000000000005,1.45160134699434,warm
Thailand,2006,29.522070015220738,69.04000000000002,,3598.0000000000005,1.44636768948335,warm
Thailand,2007,29.020299145299173,79.14000000000001,,4461.0,1.2610064785285902,warm
Thailand,2008,28.439801918910558,78.17999999999999,,4921.0,1.2905735480369098,warm
Thailand,2009,28.44810744810744,78.56,,4736.0,1.2949566989302097,warm
Thailand,2010,28.973515981735176,80.49999999999999,0.7159999999999999,5706.999999999999,1.2966498981838004,warm
Thailand,2011,28.213392200147165,77.59000000000002,0.7210000000000001,6153.0,1.5612733232168596,warm
Turkey,2009,13.438492063492065,21.29,,9773.0,0.7680940830290651,cold
Turkey,2010,14.421156773211552,31.69,0.738,11524.999999999998,0.9089237976550127,cold
Turkey,2011,12.36575342465754,23.07,0.7509999999999999,12237.0,0.916153060507081,cold
Turkey,2012,13.503187613843346,28.4,0.7559999999999997,12670.999999999998,0.9269549714417572,cold
Turkey,2013,13.66301369863013,35.42,0.7590000000000002,13603.000000000002,1.0000996805083102,cold
Ukraine,1997,7.750692520775622,395.67,,1045.9999999999998,2.79497910969606,cold
Ukraine,1998,8.271913580246906,390.15,,879.0,2.1059817130511904,cold
Ukraine,1999,9.452380952380947,376.06,,666.0,1.9007561884641906,cold
Ukraine,2000,9.460078931390404,377.19000000000005,0.6679999999999998,663.0,2.1510492369186003,cold
Ukraine,2001,9.045509893455101,348.14,,811.9999999999999,1.8868710784894003,cold
Ukraine,2002,9.520006155740225,344.04999999999995,,919.9999999999999,1.98468424604293,cold
Ukraine,2003,8.368188736681892,337.0700000000001,,1096.9999999999998,2.12420904616827,cold
Ukraine,2004,8.674256223436545,307.05,,1431.9999999999998,1.96705859978073,cold
Ukraine,2005,8.604109589041093,297.18,0.713,1917.0,1.8827125460777394,cold
Ukraine,2006,8.678824253616494,282.78999999999996,,2418.0,1.8643264566906501,cold
Ukraine,2007,9.814661769207227,281.12,,3229.0000000000005,1.92348251377554,cold
Ukraine,2008,9.561035007610348,274.5,,4104.0,1.7863228095345003,cold
Ukraine,2009,9.367216117216113,279.25999999999993,,2691.0,1.9089819036536897,cold
Ukraine,2010,9.3896499238965,263.07000000000005,0.7319999999999998,3141.0,1.9023610223227794,cold
Ukraine,2011,9.120547945205473,263.99999999999994,0.738,3787.9999999999995,1.5336412405932005,cold
Ukraine,2012,9.029465930018413,268.4700000000001,0.7429999999999999,4096.0,1.61331991729012,cold
United Kingdom,1997,11.485444292028653,88.77999999999999,,28091.000000000004,1.9079004823939194,cold
United Kingdom,1998,10.986611265004607,90.76,,29508.0,1.7446644961853506,cold
United Kingdom,1999,11.17041628405264,92.44000000000001,,29832.0,1.7972312873430598,cold
United Kingdom,2000,10.799010654490102,87.33,0.8649999999999998,29358.0,1.7468846612149604,cold
United Kingdom,2001,10.59015393994818,85.14,,29178.999999999996,1.8436134488558704,cold
United Kingdom,2002,11.032131299121604,82.71,,31629.999999999996,1.9227442673694595,cold
United Kingdom,2003,11.019307081807073,80.14999999999999,,36289.0,1.8981492832045506,cold
United Kingdom,2004,10.80323757409942,82.72,,42486.0,1.8315269538514396,cold
United Kingdom,2005,10.761240664532837,79.15999999999998,0.8900000000000002,44371.99999999999,1.8277179123825602,cold
United Kingdom,2006,10.809861301630852,78.17,,47163.0,1.8196755984103203,cold
United Kingdom,2007,10.9813541189057,74.92,,53575.99999999999,1.81126551510671,cold
United Kingdom,2008,10.405883249504642,80.71000000000001,,50110.99999999999,1.8349360638336802,cold
United Kingdom,2009,10.583677212287924,78.00000000000001,,41074.0,2.01704774352721,cold
United Kingdom,2010,10.111187528656572,77.41000000000001,0.906,41798.0,1.8609897499487997,cold
United Kingdom,2011,11.416704770614237,78.28999999999999,0.9009999999999997,44491.00000000001,1.7948511017662396,cold
United Kingdom,2012,10.65113253749618,79.47,0.9009999999999997,44584.99999999999,1.8565067415413503,cold
United Kingdom,2013,10.664990092973639,84.91999999999999,0.9020000000000002,45594.0,1.9086472379593598,cold
Uruguay,1997,16.066666666666666,233.91,,8012.000000000001,1.79528505216579,cold
Uruguay,1998,15.46814404432132,264.08,,8420.000000000002,1.58855520454273,cold
Uruguay,1999,15.384310134310132,243.62000000000003,,7902.999999999999,1.43719900378467,cold
Uruguay,2000,15.785540334855396,274.27000000000004,0.7419999999999999,7482.999999999999,1.5265701288490503,cold
Uruguay,2001,16.600732600732588,236.12,,6827.000000000001,1.55510791113255,cold
Uruguay,2002,16.24243827160493,331.69,,4438.999999999999,1.1533735955117101,cold
Uruguay,2003,15.82826887661142,259.25000000000006,,3928.9999999999995,1.18269062721142,cold
Uruguay,2004,16.606102003642977,258.49,,4462.999999999999,1.2883018123651204,cold
Uruguay,2005,16.57214611872146,241.31000000000003,0.7559999999999997,5655.0,1.8317137492462499,cold
Uruguay,2006,16.613850837138532,248.10999999999999,,6362.000000000001,1.9784922172231998,cold
Uruguay,2007,16.01053113553112,266.31,,7581.0,1.8889931062002505,cold
Uruguay,2008,16.729415365778987,234.53,,9793.0,1.7935528517957406,cold
Uruguay,2009,16.378357753357758,237.75,,10166.0,1.23107041540807,cold
Uruguay,2010,16.62450532724508,257.43,0.7799999999999998,12882.0,1.0134886278492903,cold
Uruguay,2012,17.126138433515482,264.34999999999997,0.7879999999999999,16264.000000000002,1.3414717323305299,cold
Uruguay,2013,16.45738203957382,249.09,0.7899999999999999,18179.0,1.6695517828041504,cold
