,Country Name,Country Code,Indicator Name,1995,1996,1997,1998,1999,2000,2001,2002,2003,2004,2005,2006,2007,2008,2009,2010,2011,2012,2013
0,Angola,AGO,Military expenditure (% of GDP),4.707392768262331,2.4478481567170496,5.972268207194969,2.64201188106298,17.334692213615998,6.39260315427404,4.52435381521461,2.8699324451257495,3.7614790735473402,3.47118018672779,3.69224094698531,3.7614953054353197,3.1140544929574197,3.5731203644916003,4.70961004832051,4.17758456553984,3.25566035129376,3.2366594992166,4.45523942155109
1,Albania,ALB,Military expenditure (% of GDP),2.05358735905793,1.37902962734156,1.28308078036268,1.23824256064749,1.24921009885957,1.2463602418921598,1.30929137475594,1.3200344943320401,1.33684292419802,1.38115794211088,1.35000497056322,1.56776908873068,1.8207653435571998,1.98486885667765,1.5172171395596998,1.55859189302349,1.52826633776627,1.4870825765521598,1.40898210141146
2,Arab World,ARB,Military expenditure (% of GDP),6.6008772446906105,6.0199103911558405,6.5751235320464305,7.54575358912385,6.52014355048387,6.41698517387688,6.40980859809992,5.88547715026371,5.4623006974041,5.07646418006271,4.63218503465383,4.38650963716033,4.52556285531959,4.1991224021450195,5.32548543871285,5.039570388914281,4.9126428737404595,5.00384833787896,5.75548393044693
3,Argentina,ARG,Military expenditure (% of GDP),1.47307310721151,1.24122726437626,1.14013911131295,1.13631802186333,1.2203595475499298,1.14882267666887,1.18423354187058,1.0918804785974798,1.0608950570483802,0.883295358833529,0.8471547838859609,0.7882338774614692,0.792548175031362,0.762756475390461,0.8865085766863849,0.8148781054979392,0.764287094036749,0.7848247210197858,0.8377364301594359
4,Armenia,ARM,Military expenditure (% of GDP),4.05931190833614,3.2818670042301297,3.9093985598058505,3.52809600318196,3.6973742308424598,3.5600248725369705,3.12724938530975,2.69771474886414,2.72837221377968,2.74199670493715,2.87193136291811,2.9476131562586403,3.04257470127966,3.3955793627065702,4.15704990783508,4.26564605593771,3.85394644115574,3.8218101632655297,3.9972445573048403
5,Australia,AUS,Military expenditure (% of GDP),2.02131256804327,1.93044006740518,1.86733439499343,1.8711218131061202,1.88923574072912,1.82984191251005,1.8700938789187198,1.87396462061393,1.8462896887145501,1.8274107694048602,1.80249267959937,1.82233092604478,1.8153422449116698,1.7985471715833798,1.9269089560188701,1.85679136240993,1.7570782279711001,1.6709628626523998,1.6398606995251
6,Austria,AUT,Military expenditure (% of GDP),1.07323205206951,1.0496829774227099,1.04643398189713,1.01807286299799,0.980246123382213,0.9803185800859301,0.9082400407095091,0.88352783657309,0.913640318789259,0.8934804662429351,0.8501425740262629,0.7858132444591971,0.9004571727870301,0.870705123070585,0.8333795646929241,0.8212327115306209,0.7908975584520309,0.7784642506470358,0.7508253830845709
7,Azerbaijan,AZE,Military expenditure (% of GDP),2.73690130284,2.2542303413548797,2.32404979925782,2.41235591259715,2.6251099314451602,2.26786206311863,2.31206260817217,2.2433137703176604,2.4263625550968997,2.62948113760521,2.29906967458575,3.4177593325580697,2.86419491898944,3.29121114577001,3.32542168167072,2.7910043565289104,4.67013555547022,4.65861825196324,4.54092330961466
8,Belgium,BEL,Military expenditure (% of GDP),1.5657521514464199,1.54010265143452,1.47697579587888,1.4639192651100401,1.38583555922092,1.34121027642881,1.27650416647228,1.2157122077646298,1.21498815616525,1.14927213880449,1.09156005763437,1.05123918569066,1.09453530115676,1.2138983166693,1.16003992188797,1.08463286136283,1.0435067947960799,1.03819328046625,1.01034868244313
9,Burkina Faso,BFA,Military expenditure (% of GDP),1.3830426939266398,1.2870884703969698,1.41705504471596,1.2763626403725,1.3855313863292802,1.3921627531069198,1.2997898961843402,1.3244099720017,1.2072833480922,1.35796836661608,1.3513944864492802,1.2490866758738002,1.5922675815639198,1.3979037713492302,1.52145472580919,1.37751626168897,1.2947595034466202,1.3230237354878798,1.3901157360987602
10,Bangladesh,BGD,Military expenditure (% of GDP),1.5666931407425502,1.5390735944898,1.57166792587459,1.5675351983921697,1.58483439104611,1.3571191812401997,1.28842277551655,1.1857643878578201,1.13828694171388,1.12350586299567,1.09089436952842,1.10823877446278,1.1144801856829298,1.05952989264661,1.15673093933701,1.32083739648164,1.355517777279,1.3244194914998602,1.2581975220931498
11,Bulgaria,BGR,Military expenditure (% of GDP),2.3741312837802497,2.40293410901733,2.4307013549238,2.45305914743146,2.64517195633853,2.6711704653623,2.8844613869966698,2.8012596498514197,2.71202074866405,2.39199348419018,2.2528982217323397,2.09699129664056,2.2296112607375496,2.13453582058299,1.74417293470537,1.6450171927701398,1.3199772602341497,1.3395837653612899,1.46092234281618
12,Bahrain,BHR,Military expenditure (% of GDP),5.18323179048832,5.27393976376237,5.06848741255812,5.33310395251817,5.50362154366541,3.96167096884853,4.14808163198998,4.61110660635053,4.6588328030262804,4.0449288479601195,3.2143810953300695,3.10294772848129,2.9569902343439196,2.8001613687379105,3.6105352496765093,3.2777559421608995,3.59149722735675,3.8445737020779704,4.14145178849907
13,Belarus,BLR,Military expenditure (% of GDP),1.69946376942909,1.26069255990701,1.76896655126353,1.49509870243434,1.3667607383858897,1.3469841507576499,1.43829074692244,1.4002458005251202,1.29906390002339,1.35822231382833,1.4984531353018702,1.7094124919575602,1.64976591437478,1.4534928515734602,1.3725769814511102,1.3413834329232,1.22449510976582,1.24390472386982,1.28576619399319
14,Bolivia,BOL,Military expenditure (% of GDP),2.09616225791141,1.9868075425051799,2.27361030066829,2.6911108595690503,2.13328709491197,2.0629712007857,2.26490649801172,2.0294518747475,2.14579254463334,1.9249821546805,1.77254263286908,1.5676561985399198,1.68657779699067,1.96227204996962,1.9941057294864801,1.66624880146433,1.6841200015654498,1.8455946754408703,1.84090675605178
15,Brazil,BRA,Military expenditure (% of GDP),1.8621369803337902,1.6548434995029098,1.57768831551774,1.66229191975824,1.64547466656987,1.73072614713627,1.95188244532532,1.8957711991561699,1.50347763554507,1.46126840890621,1.52401339252107,1.48108489489303,1.46629209992902,1.4419240420101203,1.5386256760121102,1.53940698128362,1.41185115924524,1.3786564647043702,1.3294461087607
16,Brunei Darussalam,BRN,Military expenditure (% of GDP),5.477265965215981,6.24949383149313,7.183964552116519,7.529843893480259,6.13041835206517,4.069205490044459,3.8863976083707006,3.87078275829112,3.71141961800389,2.53273008763096,2.3494276381516,2.3039631946555,2.3801522443409198,2.2617923688784503,2.94107203176036,2.85048790060089,2.24224141990167,2.15903448896045,2.27750759504916
17,Botswana,BWA,Military expenditure (% of GDP),3.50647971949777,2.89952149833484,3.19720462718414,3.77939884443731,3.09207375530236,3.1912429508105804,3.83122303260369,4.1102064895165595,4.00736658870518,3.5058740413487404,2.85800418504025,2.69512137351371,2.80145519309751,3.03696823780227,3.21559056061332,2.7268572560016797,2.3666463340517203,2.26676113133774,2.05639549706562
18,Canada,CAN,Military expenditure (% of GDP),1.55409007114777,1.40375258106455,1.24624320151167,1.25629390156868,1.2417030641025801,1.11808087955152,1.13736897251656,1.1208522916435502,1.11587879854277,1.10796602708278,1.1106696550809199,1.12583240797021,1.18890178274099,1.24862138163726,1.38104398145933,1.1971536522414,1.19608445800688,1.1210999732281202,1.00485841865034
19,Central Europe and the Baltics,CEB,Military expenditure (% of GDP),2.36687964573473,2.24406066813767,2.32902297832468,2.17041287235842,1.95221876164753,1.8600538926067,1.89231856632574,1.89551532406109,1.8607502131966,1.75372274521117,1.7742156737093402,1.69461028105739,1.65230712787157,1.53235002814931,1.5254768887205499,1.47781885196282,1.41113428212125,1.39783033995553,1.3721011288483402
20,Switzerland,CHE,Military expenditure (% of GDP),1.35581088252354,1.28433576066256,1.22094631154933,1.18432003291596,1.0854016123736199,1.02928085285136,0.991880361874705,0.956388839221095,0.9266311780672041,0.8889242527180842,0.8526233051680091,0.7725495059125759,0.734436405549152,0.739302267870913,0.748965145032442,0.7049575333713299,0.7109790488944979,0.687404815345762,0.730988424841384
21,Chile,CHL,Military expenditure (% of GDP),2.5620646291664904,2.44932089847955,2.4982019239413797,2.58983722621321,2.7136315935113,2.7032820463964202,2.66749517320965,2.5520930910302,2.73384321223709,2.7079751355640798,2.52150287673621,2.49083177991398,2.3188022022883503,2.5858318761462002,2.26703956909053,2.2422354113728,2.25604304567862,2.04694163472049,1.98641947397668
22,China,CHN,Military expenditure (% of GDP),1.7163366422182,1.68605113779847,1.6748020872592602,1.7033003738699901,1.92205312057776,1.88735378338211,2.0739426080012398,2.17514171475857,2.1020316167466997,2.0522734680588304,1.98886432028757,1.99465265061962,1.90431095555058,1.87568853278407,2.0626875496590804,1.9074366626988,1.83415827484875,1.83645175975595,1.8669437861429798
23,Cameroon,CMR,Military expenditure (% of GDP),1.2516448385188101,1.22483788338251,1.3012417461068702,1.3965094378673701,1.44385239060644,1.3247488647241399,1.29036003475657,1.33850675603337,1.3838069976001,1.4016038318718,1.24322076481902,1.3273774501449198,1.32660641748817,1.3123391316406299,1.31934014189958,1.35425663895057,1.1844351198091698,1.21784657562716,1.21441461509967
24,Colombia,COL,Military expenditure (% of GDP),2.83162658057701,4.445393253964309,2.8017878857593597,3.4409857420470797,3.76274205786296,3.03168353865852,3.3238728188053197,3.4171276235819703,3.46398869081496,3.46501517406307,3.35287338750456,3.2761306388676203,3.2667396629797296,3.70974427551673,3.86329454054022,3.6311485638364203,3.08161364181938,3.1589602351095496,3.27440100420587
25,Cabo Verde,CPV,Military expenditure (% of GDP),1.2650808511315401,0.8441753102704,0.831007455137562,0.858540442487481,0.8385432011629529,1.15402591313906,0.7536151972313649,0.665480290001653,0.6487535587648039,0.63097843761799,0.6494972333401221,0.564741208222978,0.5247031693522151,0.601269381910568,0.490877611477521,0.495061946661288,0.5232410612058139,0.555765135403484,0.530303913318192
26,Costa Rica,CRI,Military expenditure (% of GDP),0.0,0.0,0.0,0.0,0.0,0.0,0.0,0.0,0.0,0.0,0.0,0.0,0.0,0.0,0.0,0.0,0.0,0.0,0.0
27,Costa Rica,CRI,Military expenditure (% of GDP),0.0,0.0,0.0,0.0,0.0,0.0,0.0,0.0,0.0,0.0,0.0,0.0,0.0,0.0,0.0,0.0,0.0,0.0,0.0
28,Iceland,ISL,Military expenditure (% of GDP),0.0,0.0,0.0,0.0,0.0,0.0,0.0,0.0,0.0,0.0,0.0,0.0,0.0,0.0,0.0,0.0,0.0,0.0,0.0
29,Iceland,ISL,Military expenditure (% of GDP),0.0,0.0,0.0,0.0,0.0,0.0,0.0,0.0,0.0,0.0,0.0,0.0,0.0,0.0,0.0,0.0,0.0,0.0,0.0
30,Cyprus,CYP,Military expenditure (% of GDP),3.0410342149260803,4.52471482889734,5.573910769888999,4.67631794591642,2.7338509695516096,2.8220901513395398,3.15322215947894,2.1301607353618004,1.9851631243571601,1.9557691617927,2.0374697432369797,1.8999978625023999,1.6845996583175098,1.62970494449745,1.81681950779024,1.85780774358585,1.7426623487422401,1.6593986958443099,1.6110615818300802
31,Czech Republic,CZE,Military expenditure (% of GDP),1.84362277299769,1.73190468756652,1.66204579070562,1.8259318203535801,1.8590699232123202,1.8773569561648702,1.75124955758828,1.82440696826275,1.8927640441762,1.71370317302129,1.7900837720613403,1.5759061579971299,1.4309147351499998,1.23821201023728,1.3185370784567199,1.20394027554572,1.08546999012087,1.07081138704484,1.02615145256566
32,Germany,DEU,Military expenditure (% of GDP),1.51912943985096,1.4894956193892899,1.4320269074662098,1.4133231465646101,1.4175701110497299,1.38079519987216,1.34477891857253,1.3493716193605199,1.33816045077055,1.28941950043911,1.2790335344663202,1.21771511844147,1.20185633414015,1.24551834093203,1.3574270258777499,1.32062080798627,1.24894192072944,1.26073193919812,1.20194924146762
33,Denmark,DNK,Military expenditure (% of GDP),1.6853146650741002,1.64481665845606,1.61596120506505,1.60802638812534,1.5648547225540301,1.45744405054744,1.53238072045298,1.5081498520497099,1.46685124979903,1.42370423392813,1.3114886404907,1.37749218313459,1.3072470519223998,1.3550045240831101,1.35017823723117,1.39862147873519,1.31353101003111,1.3518191537528703,1.22725202197052
34,Dominican Republic,DOM,Military expenditure (% of GDP),0.5494778676025089,0.633651609977827,0.796926406823975,0.780062374149808,0.8162438875527901,1.03009647155323,1.2134960521134501,1.05891921128922,0.7641450271208221,0.687618052138186,0.766536371799736,0.683423360678412,0.6276190571538101,0.699861657175699,0.667461170274579,0.667531704853403,0.602928060143009,0.6531514619766321,0.6118247730453511
35,Algeria,DZA,Military expenditure (% of GDP),2.9350271073671204,3.0940883958553,3.6374034681332406,3.96567378793071,3.75507998270644,3.43338563505363,3.82069546333074,3.70082935899902,3.25121089347184,3.2838845233139,2.8341783501146502,2.6438075477202,2.92332102697669,3.0247471409038598,3.8485136982934396,3.5180126088261803,4.32570635861069,4.46107862007699,4.84450891704059
36,East Asia & Pacific (excluding high income),EAP,Military expenditure (% of GDP),1.82719435290994,1.7665534583311497,1.7410890189228303,1.66648394053306,1.78993090772319,1.71433048019432,1.86984540554071,1.9441538215163503,1.92526197190983,1.86500375981904,1.7942704771839397,1.78303813219318,1.75528998204979,1.7337249261531897,1.8982191750159099,1.7356205964524698,1.6868389470623701,1.68577574256323,1.7443110527032302
37,East Asia & Pacific (excluding high income),EAP,Military expenditure (% of GDP),1.82719435290994,1.7665534583311497,1.7410890189228303,1.66648394053306,1.78993090772319,1.71433048019432,1.86984540554071,1.9441538215163503,1.92526197190983,1.86500375981904,1.7942704771839397,1.78303813219318,1.75528998204979,1.7337249261531897,1.8982191750159099,1.7356205964524698,1.6868389470623701,1.68577574256323,1.7443110527032302
38,East Asia & Pacific (IDA & IBRD countries),TEA,Military expenditure (% of GDP),1.82719435290994,1.7665534583311497,1.7410890189228303,1.66648394053306,1.78993090772319,1.71433048019432,1.86984540554071,1.9441538215163503,1.92526197190983,1.86500375981904,1.7942704771839397,1.78303813219318,1.75528998204979,1.7337249261531897,1.8982191750159099,1.7356205964524698,1.6868389470623701,1.68577574256323,1.7443110527032302
39,East Asia & Pacific (IDA & IBRD countries),TEA,Military expenditure (% of GDP),1.82719435290994,1.7665534583311497,1.7410890189228303,1.66648394053306,1.78993090772319,1.71433048019432,1.86984540554071,1.9441538215163503,1.92526197190983,1.86500375981904,1.7942704771839397,1.78303813219318,1.75528998204979,1.7337249261531897,1.8982191750159099,1.7356205964524698,1.6868389470623701,1.68577574256323,1.7443110527032302
40,Early-demographic dividend,EAR,Military expenditure (% of GDP),2.7167655003709603,2.60682036079496,2.73886636224734,2.8230105367773097,2.66622868548542,2.53726547816099,2.5296865528767403,2.4911338896101203,2.4382495917493197,2.37131006399012,2.32157900367959,2.24267571138256,2.23894624061049,2.2197494952197503,2.48735225333998,2.2877809848905897,2.1946744906816202,2.26549823669363,2.3745349546090297
41,East Asia & Pacific,EAS,Military expenditure (% of GDP),1.40421384957084,1.4387827296978102,1.45198879453582,1.41971607997794,1.42028491688595,1.3721599745881399,1.4466511008346399,1.49032377053597,1.48964019856765,1.47198273439123,1.4899775775306898,1.52193172547815,1.5387523599491297,1.538199765826,1.6468804253521299,1.5581458758833602,1.5483976053915,1.5459671462325901,1.6090658779552298
42,Europe & Central Asia (excluding high income),ECA,Military expenditure (% of GDP),3.44672851170685,3.50000864618368,3.7037570189947098,2.78785494716321,3.2030804716718,3.1994636707113395,3.24129878511317,3.4130340928983505,3.1976710358211404,2.83198249613526,2.74562096128649,2.72065699861711,2.65454329053013,2.6578589703082405,3.08823082041035,2.8569571225477004,2.76531072435871,2.9348731900519,2.9837548377342897
43,Europe & Central Asia,ECS,Military expenditure (% of GDP),2.01364379180164,1.9906558107674,1.98177076758556,1.8701232865183202,1.8497070486059402,1.8263947159037501,1.79692360093044,1.8181951917119097,1.8044697157106702,1.7629252448996202,1.7339589161838702,1.69726177859292,1.67539480349215,1.7070471977889898,1.8143611739358798,1.7611988584971001,1.71128992894983,1.74805360141543,1.71390144449137
44,Ecuador,ECU,Military expenditure (% of GDP),2.34132011021456,1.95039752732418,2.10417123484069,2.3572348647488197,1.7519250460176299,1.45207595274333,1.56937598177954,1.76889198532555,2.2785533646602003,1.9403327987761998,2.29840279075247,2.02982587683564,2.56823582019659,2.6650417359945897,3.1174180881202798,3.01055129218138,3.0951100565987497,2.9454528646745097,2.8758906830518502
45,"Egypt, Arab Rep.",EGY,Military expenditure (% of GDP),3.08203623414837,2.9748118697964503,2.8414852184644706,2.65938329094369,2.5697674781427597,2.55126513982739,2.98556856033807,3.27845479650374,3.17728527009726,2.8775312365359698,2.71422040657605,2.60621860261331,2.3796346750970896,2.1807854853701603,2.03264504307225,1.95296704226796,1.83702555925574,1.6481757926792902,1.61005697699419
46,Euro area,EMU,Military expenditure (% of GDP),1.7934424186173001,1.77888648547144,1.7424317021002,1.7017593602010102,1.6822833604438099,1.6500334992505699,1.6027943288635502,1.5875554201480702,1.58679895140905,1.57171125222426,1.5339366267941998,1.48296716156613,1.4435633076870098,1.4818821401878601,1.57493118203781,1.50418752934119,1.44004478870243,1.42978682236545,1.3798916995736998
47,Spain,ESP,Military expenditure (% of GDP),1.91702239465122,1.81443901615473,1.7228156794418201,1.75731994886122,1.75523458900652,1.7255179883945801,1.62958403293614,1.45597370162444,1.42254439300681,1.4302211796792599,1.38717775355122,1.3700074614747801,1.36310631227691,1.3676204845066597,1.3583538369603898,1.3873781239833,1.33187655521014,1.4236373034985,1.27277066255826
48,Estonia,EST,Military expenditure (% of GDP),0.958098327008493,0.8735960738378309,1.0467724867254,1.0674917182744799,1.2871133644756598,1.37632711527768,1.50221446192756,1.66712950092163,1.74304929525979,1.6996892247017,1.4509199321798998,1.38842243631458,1.65758213404856,1.7650496913817901,1.7889383899733897,1.6864700671299198,1.66377451337711,1.8835795826563502,1.89666661409576
49,Ethiopia,ETH,Military expenditure (% of GDP),2.22561605430131,2.1171384891138203,3.3431774775411998,7.27693614895529,9.50694268259021,7.6138439057772604,4.34902077753107,3.71938809903571,3.23884273442423,3.07265040654432,2.7615514355536197,2.26653738405811,1.86327401952308,1.48980921711378,1.18480259623383,1.13358648537969,1.0907074439920998,0.868362090380475,0.806417117446453
50,European Union,EUU,Military expenditure (% of GDP),1.82867894095317,1.8105776177671498,1.7796659088556102,1.7359446490232102,1.7055753362478403,1.6679388875776202,1.6241464896539899,1.6080468476921101,1.60203713379736,1.57680773825567,1.5433454456263,1.49179423652926,1.4541600638446102,1.47426414577574,1.5550873877923401,1.4918337614164998,1.42727414070379,1.4191381080368601,1.37114597863998
51,Fragile and conflict affected situations,FCS,Military expenditure (% of GDP),2.12903025110722,1.8669527778086998,2.24457571277451,2.3479470585071405,2.32866969168287,2.14165655662242,2.1308977586595903,2.10373998264481,1.90422161348492,1.86423607296596,1.7717058833456698,1.6890952503152201,1.77005558073554,1.77781098324808,1.74500274569967,1.3729285558131998,1.42181185206127,1.49371538776887,1.92825708450397
52,Finland,FIN,Military expenditure (% of GDP),1.42254149924916,1.5304722712130099,1.5351550506601201,1.46317555780765,1.22310377157804,1.2411475036877802,1.14451283258445,1.15463722865486,1.44685726264926,1.47016356457354,1.46719042878277,1.4447666748334802,1.2908879440068701,1.3949173943322501,1.56693259623516,1.5000740535632602,1.4979504137268898,1.5360898529978502,1.54127610185996
53,Fiji,FJI,Military expenditure (% of GDP),1.77833881290054,1.54284989476157,1.4786073305183602,1.36402894657776,1.2260479507615,1.9024792484704798,1.97650995967867,1.67751009856116,1.6102762500652,1.71575938748871,1.44642485807714,1.75752154846003,2.23709999847122,1.52095281013957,1.7865792568122398,1.60512894075313,1.6104039180093899,1.49096169403815,1.3867774478535602
54,France,FRA,Military expenditure (% of GDP),2.4924961893683597,2.4144739505933503,2.37540965314127,2.2262083065276803,2.17784297022174,2.08501824480333,2.03069528996546,2.04625799037992,2.0956804128006,2.10435083527246,2.0237069189263703,1.97509829987374,1.90752863357749,1.89707589581907,2.0981473345272903,1.96941935275241,1.8914062136108702,1.8710805998475701,1.8498759182869398
55,United Kingdom,GBR,Military expenditure (% of GDP),2.56359446024741,2.44702977091801,2.2963729499775,2.24575228149042,2.1849464388580597,2.1389996337235098,2.1730622970791797,2.23691751848759,2.2967063866431,2.2452991726422002,2.18420770288165,2.13119635555446,2.139425291383,2.2594531192635,2.4184351810712,2.36792473035643,2.28739421092508,2.18544195437133,2.06502466578136
56,Ghana,GHA,Military expenditure (% of GDP),0.46609265809995204,0.39354083541621404,0.40542857316643605,0.47170600610907004,0.471795170915902,0.627279006121547,0.373922952383641,0.3683538270859621,0.42851277702141904,0.38977726425766496,0.3674592972885829,0.371042977391259,0.509249882381586,0.39844462007443704,0.45535236365668996,0.380677683684574,0.592259762655998,0.804165256141085,0.53339642720974
57,Greece,GRC,Military expenditure (% of GDP),3.17319019644845,3.31191328182087,3.36586889039913,3.53386881535161,3.36046994465272,3.4653553200888103,3.25141285622817,3.07737457530621,2.4938947524985804,2.60567252971209,2.8365962771118904,2.7834188702649802,2.6793059214126402,2.98305234467131,3.2248411378296398,2.727009925486,2.47694916546224,2.40769137499271,2.35768125078197
58,Guatemala,GTM,Military expenditure (% of GDP),1.08042737364637,0.895717413539242,0.7428179433222399,0.7208398509941779,0.675600759866063,0.918401634718749,1.05206292918867,0.7622450260542941,0.815655342525256,0.479416089056921,0.3839136567354579,0.43182946456192,0.39845660146699297,0.42542117101512,0.390659246814427,0.410755661925454,0.41429982628570794,0.445274168144707,0.46379358715492897
59,High income,HIC,Military expenditure (% of GDP),2.41486692595638,2.35097539297165,2.36483087260906,2.32616087485385,2.2430745865965,2.2509455017903996,2.27931981353888,2.3925080151993,2.4743674201310197,2.49067231742516,2.5161196898501,2.49074977682762,2.46841532588145,2.56799186850659,2.8246232379438503,2.79096828506073,2.6970430916385095,2.62891369734714,2.51748030858015
60,Heavily indebted poor countries (HIPC),HPC,Military expenditure (% of GDP),1.5755212729729098,1.52970224988302,1.5483783812361398,2.17531725968827,2.4126005135294197,2.09544173936348,1.96262802561463,1.8552076204944,1.6436464562156499,1.9102640410693201,1.67971174683446,1.7577229691204,1.96515351193941,1.9808421605678201,1.9745038146304097,1.4201592267407501,1.3490635685442298,1.2170591194020501,1.27599364923969
61,Croatia,HRV,Military expenditure (% of GDP),9.31501043048842,8.29201114721082,8.94249252887489,6.60021947195919,4.4296297097959405,3.03005577712821,2.7027737725454197,2.73063333651169,2.04629888221727,1.7601437494594399,1.76232843721919,1.68580508013674,1.6284306152931898,1.8391379517934099,1.80045046868212,1.69692127126138,1.7731844262190801,1.6893828307869199,1.6454335658238601
62,Hungary,HUN,Military expenditure (% of GDP),1.32472748303328,1.2590610397978301,1.4766844027822599,1.2721641748015,1.43361259969176,1.51310022700998,1.5701270901465703,1.5937738020925802,1.64262159438689,1.47272381889096,1.41202878738717,1.22300995957572,1.2702581061045701,1.182210686841,1.1300831603758401,1.03176909970281,1.0456373372024301,1.03418692234589,0.946637051715579
63,IBRD only,IBD,Military expenditure (% of GDP),2.16703949897461,2.0849067082767903,2.0753659615934597,1.93306312408248,1.9923700138770402,1.9165329713591102,2.0021742553592,2.05348183840048,2.01833605381304,1.9641273051030201,1.9436526758596497,1.91156958857882,1.88612588533364,1.9092507474366298,2.09339055227797,1.94789286596764,1.8828198608086597,1.9141182135581898,1.96159424392489
64,IDA & IBRD total,IBT,Military expenditure (% of GDP),2.1925557884992,2.10893829028479,2.09362742704888,1.97107446452002,2.0323096524944897,1.94306169852182,2.01636449556348,2.06860115859709,2.0218864084923,1.9716471115587,1.9384493718549902,1.90046680673796,1.8798714343256997,1.8973548263426598,2.07225509932032,1.9242259330498002,1.8643887857567798,1.89034091675612,1.93113060049131
65,IDA total,IDA,Military expenditure (% of GDP),2.59774464260608,2.47343633607934,2.3762601895798197,2.58994551461337,2.60859429820282,2.30158369292279,2.21657632078615,2.26934261651061,2.06694570791824,2.06910496250871,1.86866779313689,1.74987434922208,1.7876906946715598,1.72094023389232,1.7536153965914199,1.5302942989801,1.5420649016995702,1.4893473137993702,1.44935532494078
66,IDA blend,IDB,Military expenditure (% of GDP),2.98015961260659,2.91568961222713,2.7115777937299503,2.7481498447860098,2.60517460361312,2.26732861894194,2.15994714975496,2.29761055008702,2.03655135779464,1.96320050339024,1.74711390594926,1.52921867085909,1.47933590344303,1.47063666616543,1.48294773287399,1.44828081373325,1.46123152972588,1.46248674645591,1.4074795580446802
67,Indonesia,IDN,Military expenditure (% of GDP),1.2263098606423601,1.2643925282780801,1.49774173762735,1.01911684387405,0.8108126540150759,0.684483763500435,0.5727926527042131,0.700120208801041,0.909285036773652,0.945714621727218,0.7507893940049308,0.65870277762871,0.71236193115127,0.5789458044933872,0.5711338919964231,0.6175870919519321,0.653776702606807,0.711549473406383,0.9187698391830659
68,IDA only,IDX,Military expenditure (% of GDP),2.21395418508021,2.06049840518495,2.07271765387139,2.4546724311044397,2.61178706816885,2.3322840231122,2.2714786533511604,2.24064741500173,2.09473347043345,2.16629869186757,1.98819654877986,1.99990270442523,2.13265588022749,1.99656223634932,2.0210745464198796,1.62831402061329,1.6389482087631202,1.5218165657805902,1.4981486715617098
69,India,IND,Military expenditure (% of GDP),2.57848357246069,2.4727682254674,2.64773242601716,2.72731141679376,2.95719564743412,2.94892990622572,2.9244355462896,2.82686683045838,2.6777769322274803,2.82875224798105,2.7549076662149603,2.5268086302634503,2.34263388324219,2.5501948469465696,2.8934959701011,2.7074640421781804,2.65149668110065,2.53734660363375,2.47272671433353
70,Ireland,IRL,Military expenditure (% of GDP),1.01435938826102,0.989927158967187,0.9240661273830201,0.823869515994083,0.750676498659298,0.6956977421135471,0.7035171562693641,0.6340137203860811,0.587540935936822,0.568322292110072,0.540993178557354,0.5129362977857129,0.508412566050829,0.575494191056292,0.59911623216449,0.5735925611020489,0.547571548297709,0.5144599898238429,0.501276690214209
71,"Iran, Islamic Rep.",IRN,Military expenditure (% of GDP),2.1541658849803897,2.24486451064281,2.49887472505777,2.62907924769004,2.40455173780106,2.2950422215257205,2.4181792967932405,2.1745763661274298,2.4050402653568996,2.83455780463948,3.0366544980481702,3.31519380033441,2.7492986893445996,2.7752572000250093,3.1543116957535497,2.9069126065035897,2.38163454250427,2.75703583035865,2.2445347910793196
72,Israel,ISR,Military expenditure (% of GDP),7.918743906467741,7.729654187338751,7.47926785987447,6.980216665609991,6.53012330164809,6.29716498346273,6.50806312310061,6.594013340015941,6.486405990792,6.35803509669135,6.264912690414739,6.04956445483926,6.367865558416,6.391801084464889,6.14811192852559,5.936345040026751,5.79375335779688,5.67159045259395,5.573191343100739
73,Italy,ITA,Military expenditure (% of GDP),1.4678431433463701,1.5884922793503702,1.62669279946621,1.64450887913205,1.68329979808882,1.74105950432123,1.67936473768145,1.7061872461629,1.70899553724228,1.68267326961679,1.60517041562355,1.5254829046466,1.45180754779532,1.5408956084204999,1.55853634702698,1.50682091062437,1.48613565534828,1.4367372998236498,1.4061281724513
74,Jamaica,JAM,Military expenditure (% of GDP),0.5387092431427729,0.567656626792595,0.6550548268174139,0.544947828971664,0.5110515264186729,0.48631976129697396,0.504358949501446,0.585431033566746,0.5815962975886579,0.5359699675595301,0.5276636946188971,0.608922318763779,0.65245791026588,0.9533582656342521,0.947214898621787,0.874213170720373,0.9254452620105741,0.929816796754045,0.899595042511711
75,Jordan,JOR,Military expenditure (% of GDP),4.45424850464514,6.02691751674709,6.13150620936661,6.274621651009821,6.28223322141843,6.25655642564826,5.893078535147869,5.44601446661176,6.00105948173936,5.14172128874042,4.79532278988433,4.65932400854871,6.033917370032389,6.182098132810099,6.5840008370091,5.895420846491049,5.52974284938772,4.760650365749281,4.3011737314912795
76,Japan,JPN,Military expenditure (% of GDP),0.916876617063548,0.9112470756850091,0.9204378981264358,0.938594774652954,0.94524833744442,0.9311361556541979,0.9470798558331179,0.9558346715474171,0.9556739057591501,0.9416076384343379,0.93158165258881,0.917197037578028,0.8976266541179592,0.9202478434969409,0.983777356941048,0.9588513250321421,0.9868062925244481,0.96742708258411,0.9508658607452349
77,Kazakhstan,KAZ,Military expenditure (% of GDP),1.03242166274226,1.2019944598337902,1.11293900645579,1.14973828325921,0.819607059409027,0.784645080413813,0.99981747947367,0.998337701524197,1.02992745863145,0.988239740954479,1.03632123942771,0.97899879573514,1.29687682152726,1.15466987273328,1.10303324145897,1.01441556484772,0.93651349522851,1.04690648548282,1.0780847506895401
78,Kenya,KEN,Military expenditure (% of GDP),1.6467162313649197,1.4179547033567,1.34063859838611,1.2201225188291598,1.1869741480545801,1.3137420322459699,1.50475490196078,1.6324078112128702,1.65009984272562,1.6141942369263602,1.69058701379422,1.45517741016444,1.54791249583401,1.61585029427424,1.56144803484178,1.5551378679399699,1.5414189514013898,1.66638897819246,1.56190991610693
79,Kyrgyz Republic,KGZ,Military expenditure (% of GDP),1.7905169370273302,1.5479800677798101,1.7630186862284398,1.59063408754469,1.85124758944691,1.8826786815365901,1.45442256572189,1.61508707879466,1.6967287975471599,1.68330677798352,1.61440181141179,1.6656395073466497,1.33882185898714,1.1891989096338702,1.4331099181554399,1.6110185266278,1.3944280044239399,1.62797221499078,1.6223608216927201
80,Cambodia,KHM,Military expenditure (% of GDP),3.57731057861843,3.2384545833912903,3.00336116231161,2.66204789979779,2.51002908172038,2.20981320983564,1.7748105315819498,1.51961740559543,1.44751885086975,1.2967422115082299,1.12757907136677,1.0431000794089,0.914612028315591,0.7982175078335859,1.31312896715261,1.4930964121748,1.4977884986565801,1.54704158518933,1.59657370107149
81,"Korea, Rep.",KOR,Military expenditure (% of GDP),2.8923329861881,2.74347966333348,2.66338780772064,2.79444200391705,2.4925772197961096,2.45731751955534,2.42787774091322,2.31547437727618,2.32866461778874,2.33106488784499,2.4672827371856805,2.48836866984537,2.46963885628269,2.48940298462204,2.6035143220499797,2.46271920274076,2.47295558071308,2.49929970695323,2.50300919011492
82,Kuwait,KWT,Military expenditure (% of GDP),13.5815813052368,10.292648471851901,8.086475871454901,8.79655979257573,7.590223878887941,7.150148656545549,7.70062608489699,7.39919407029019,6.5439242503945305,5.80446088589746,4.34302594160701,3.5426457863214504,3.59033777873268,3.00607272121515,3.97180632341079,3.7561481418781,3.50140550204062,3.41374157981372,3.2715183811501602
83,Latin America & Caribbean (excluding high income),LAC,Military expenditure (% of GDP),1.53413732818698,1.45364988714741,1.3039943339672901,1.34064122961464,1.2455363304462699,1.20979333290488,1.25327419239772,1.1721098175005702,1.08393123188309,1.06376111509979,1.1516405497828102,1.1312324431841498,1.19203200773972,1.2331107076034098,1.3668221014070001,1.32225786559532,1.24279103831057,1.2715313523440601,1.28531265050847
84,Lao PDR,LAO,Military expenditure (% of GDP),5.83419558712492,4.1867068435997,3.83900703742237,2.5942172539031203,1.0577425788587,0.791543216650207,0.717115235195965,0.583934898389787,0.49215692619698903,0.433725286362231,0.392508608502655,0.34316274477212705,0.31217379633290804,0.273820907156906,0.21719475333553895,0.204567128983702,0.21212655245225698,0.199455064976167,0.189895181780941
85,Lebanon,LBN,Military expenditure (% of GDP),6.71192798911137,5.66185242685313,4.305154639175259,4.02325225638672,4.77043929225137,5.39210030383447,5.44789624491027,4.753300903405139,4.67569110879715,4.514245068861491,4.47893172691688,4.57603784913407,4.63239840402185,4.00131449104104,4.02004200140751,4.12655312377024,4.058656605644241,3.98937634457757,4.16539813900342
86,Latin America & Caribbean,LCN,Military expenditure (% of GDP),1.58594765102972,1.50518738216477,1.36227734895217,1.39606114240302,1.3147458451221001,1.26975068440357,1.3012524687191398,1.22059952690723,1.1440744649138002,1.13330660710798,1.2093772313664,1.19357551186175,1.23741706493833,1.28113416570476,1.39558739326619,1.35478882535761,1.27957728339465,1.29942890998205,1.3102508145812701
87,Latin America & Caribbean,LCN,Military expenditure (% of GDP),1.58594765102972,1.50518738216477,1.36227734895217,1.39606114240302,1.3147458451221001,1.26975068440357,1.3012524687191398,1.22059952690723,1.1440744649138002,1.13330660710798,1.2093772313664,1.19357551186175,1.23741706493833,1.28113416570476,1.3655850841202097,1.3300927298842,1.2583333403541699,1.26681898899808,1.28226228317231
88,Latin America & the Caribbean (IDA & IBRD countries),TLA,Military expenditure (% of GDP),1.58594765102972,1.50518738216477,1.36227734895217,1.39606114240302,1.3147458451221001,1.26975068440357,1.3012524687191398,1.22059952690723,1.1440744649138002,1.13330660710798,1.2093772313664,1.19357551186175,1.23741706493833,1.28113416570476,1.39558739326619,1.35478882535761,1.27957728339465,1.29942890998205,1.3102508145812701
89,Latin America & the Caribbean (IDA & IBRD countries),TLA,Military expenditure (% of GDP),1.58594765102972,1.50518738216477,1.36227734895217,1.39606114240302,1.3147458451221001,1.26975068440357,1.3012524687191398,1.22059952690723,1.1440744649138002,1.13330660710798,1.2093772313664,1.19357551186175,1.23741706493833,1.28113416570476,1.3655850841202097,1.3300927298842,1.2583333403541699,1.26681898899808,1.28226228317231
90,Least developed countries: UN classification,LDC,Military expenditure (% of GDP),2.05005656018678,1.93544246067287,2.11775043323025,2.29744988850051,3.02443012545734,2.3687495214315,2.1871757634046496,2.10246696484394,2.00908555396548,2.15415635050018,2.06142567706355,2.22682696704993,2.29922379930293,2.4483519377496,2.5528711793845402,2.16412968232295,2.06218046784719,1.92611281029265,2.12453879661093
91,Low income,LIC,Military expenditure (% of GDP),2.84866886680875,2.88108031928563,2.84373060584287,3.5501378364655296,4.06843171043402,3.43664615258632,3.61128476712997,3.5867868169465096,3.2332535652396297,3.3345321105531003,2.9794991665669603,3.00370001456213,3.17338440867724,3.0661379753292697,2.9688020854389703,2.26936198392662,2.28548734471446,1.97472730981133,1.9910937184805
92,Sri Lanka,LKA,Military expenditure (% of GDP),5.8611322427415296,5.51978316113981,4.63060207374592,4.64346408117958,4.0301638395602,5.0338729684170405,4.28699058949232,3.34258944021437,2.86891182725842,2.99735847919569,2.6395333951407003,2.79877359903086,3.2606083570291697,3.7121696826023705,3.61866385346245,2.7007476424798704,2.68315761113058,2.15519943702546,2.15404824269909
93,Lower middle income,LMC,Military expenditure (% of GDP),2.6632518946374,2.55313093915784,2.62076842701304,2.5857789107789104,2.66688879443625,2.51818828147387,2.5480396286142,2.5028652656546604,2.37153729164835,2.37764906623617,2.26769384497579,2.11870980373221,2.05923543591124,2.12249489828694,2.36216567291541,2.2483409079253303,2.2151725177409505,2.1408455160791298,2.13863459268919
94,Low & middle income,LMY,Military expenditure (% of GDP),2.1588232813281203,2.07924070731013,2.0561257998659,1.9326263886064199,2.01441503691807,1.93218936294543,2.01340227089257,2.0716857366631203,2.02507216080473,1.97378633705282,1.9383932688886598,1.8996668280183997,1.88279236291585,1.90733614609355,2.09820023353907,1.9388787979975302,1.87534219439154,1.9066706002598501,1.94899248082737
95,Lesotho,LSO,Military expenditure (% of GDP),3.2418893764195604,2.82467366309587,2.71217734729986,2.8519284665319504,3.56245119166974,3.2849261283703304,2.74417802299373,2.5163929527429,2.36900091916458,2.13166293812828,2.0492596155836003,2.07422499066906,2.08122268002808,1.45364227680839,2.4753918976349305,2.84838522538957,2.04236365002237,1.9349227974988898,1.82338856129187
96,Late-demographic dividend,LTE,Military expenditure (% of GDP),2.4223970359052998,2.31595447457884,2.33205014234243,2.18014285379667,2.26547255576526,2.29647816270901,2.39929354127897,2.42117688141887,2.31388247774161,2.22173646009934,2.16069864174399,2.12497028625476,2.08450525321535,2.08939988933456,2.2829963410125,2.1510827890816397,2.08446994656474,2.1332613299087098,2.17109391705919
97,Lithuania,LTU,Military expenditure (% of GDP),0.45437287379460706,0.503980009230949,0.7471111528544492,1.22925433619046,0.9701024918281941,1.2166999904796298,1.36194363753379,1.27128874631595,1.1212284980651102,1.19594328186275,1.16221158771479,1.16393211987432,1.1124785313789098,1.13035515876223,1.08128394956188,0.8788526422343442,0.7917589243960279,0.7666813636059341,0.764650981367027
98,Luxembourg,LUX,Military expenditure (% of GDP),0.658949135858185,0.6497722685811539,0.6794961327583431,0.70830845821486,0.633042307321341,0.6028747950717479,0.753493784770003,0.649539259487786,0.6720689298333311,0.6765578711494461,0.652658049804469,0.5826946492215179,0.56214724755897,0.423836754114826,0.43404864402912696,0.515171377831365,0.428237494657179,0.419039718263302,0.418948101192194
99,Latvia,LVA,Military expenditure (% of GDP),0.805656844387504,0.639144683331598,0.582114908741438,0.587847986496102,0.7509408284136879,0.881715011606815,1.0415387642765899,1.54220827552533,1.61002427493687,1.5956582167075801,1.61062192658035,1.71501863394351,1.55807275783703,1.6344140245864298,1.3900550142025199,1.09265971827999,1.0427153233001198,0.9092731375630191,0.9373935228916239
100,Morocco,MAR,Military expenditure (% of GDP),4.3474104939692095,3.94909292657436,4.19265940634305,3.4563343607373,2.90045703406992,2.21096220697173,3.72613588276971,3.49178799247956,3.49420754151271,3.24946757487646,3.25799678207968,3.10979633409935,3.04695366406602,3.1835014275572204,3.2886518464681203,3.39079610106242,3.2974952352035203,3.46275007931538,3.8057829012064506
101,Moldova,MDA,Military expenditure (% of GDP),0.9259659367997379,0.9066936562992379,0.90277252095021,0.624855228169175,0.511299142949014,0.3872824992728511,0.40259231659649797,0.419846587081724,0.41638126446517604,0.360979036536125,0.400235111834687,0.48263446559304496,0.516193551320111,0.608535597782922,0.457886649076119,0.315501848586668,0.327388278843385,0.327674673264196,0.334492513686497
102,Madagascar,MDG,Military expenditure (% of GDP),0.8598879697295692,1.2376344417393401,1.4819123594260701,1.34892749207597,1.2102292165583302,1.21751390900084,1.4358476024528402,1.31316157379668,1.32475732452129,1.2482266720781001,1.0719415485473198,0.977431205130634,1.11586465642513,1.09711525689268,0.8302029485340209,0.652042489282253,0.727707094387172,0.691911720835185,0.6779837157323859
103,Middle East & North Africa,MEA,Military expenditure (% of GDP),6.19176977566587,5.66615143360847,6.185087043916969,6.81219331626497,5.9660114123443,5.90871057432328,5.9011284952443095,5.487942698871731,5.1711087622520395,4.846066035999651,4.53889803970259,4.3555348018371705,4.3563971794969705,4.10907346704057,4.97178221475809,4.7091828059579806,4.485087899827491,4.640321345521929,5.2339283674651105
104,Mexico,MEX,Military expenditure (% of GDP),0.450891531237052,0.476484777906755,0.45809585369137196,0.450450487249782,0.46098877556609896,0.446047820449759,0.44265700396160207,0.421606002464969,0.40591654664996296,0.36489872267815293,0.35595893101750103,0.311171935747233,0.401163917533924,0.390513228089375,0.501556272800815,0.4527344936165129,0.46577780375983,0.475987281255191,0.507919455639496
105,Middle income,MIC,Military expenditure (% of GDP),2.14839646791472,2.06737594192957,2.04400668285256,1.9068279361390803,1.98124491296874,1.9044363484128701,1.9882440461278001,2.0463235623114,2.00324669816324,1.9490422229853899,1.92033603090448,1.88165272130057,1.8618458458960399,1.88963865009651,2.08422052348201,1.9350683784887202,1.8708687389468601,1.90592130616392,1.94849018248424
106,Mali,MLI,Military expenditure (% of GDP),1.49701708229888,1.4284105941625198,1.49685223773671,1.40463231082634,1.4922899278834298,1.4786497444575102,1.29517222790027,1.26885043144455,1.4193331132051,1.4219988436263702,1.3843120409343501,1.3914154103968701,1.35503402826002,1.46571486807421,1.41866425479876,1.37456680820104,1.2410333300729,1.1964057452663301,1.16137913160626
107,Malta,MLT,Military expenditure (% of GDP),0.842358247918523,0.8748123692217,0.8246911936623751,0.7314718581386559,0.683654672499048,0.625517348678825,0.6669174493655871,0.6358460672955311,0.630122908756666,0.6705300171598989,0.821184951577881,0.6550958026545161,0.621208815646452,0.624147778519886,0.693152177869921,0.671913784241703,0.588510147321703,0.542044624617383,0.5298945134772429
108,Middle East & North Africa (excluding high income),MNA,Military expenditure (% of GDP),3.2328485353036,3.1406712119898796,3.3293748565967,3.36893489715158,3.1114826936370497,2.96688295578289,3.22314801980788,3.19095577960309,3.1811537835330097,3.04915436732813,2.95808212217048,2.8918950542867297,2.7280618487022,2.6981325240555205,3.11968088566733,2.9218082320037095,2.7559527169921405,2.83940669644579,3.1186416700431097
109,Middle East & North Africa (excluding high income),MNA,Military expenditure (% of GDP),3.2328485353036,3.1406712119898796,3.3293748565967,3.36893489715158,3.1114826936370497,2.96688295578289,3.22314801980788,3.19095577960309,3.1811537835330097,3.04915436732813,2.95808212217048,2.8918950542867297,2.7280618487022,2.6981325240555205,3.11968088566733,2.9218082320037095,2.7559527169921405,2.83940669644579,3.1186416700431097
110,Middle East & North Africa (IDA & IBRD countries),TMN,Military expenditure (% of GDP),3.2328485353036,3.1406712119898796,3.3293748565967,3.36893489715158,3.1114826936370497,2.96688295578289,3.22314801980788,3.19095577960309,3.1811537835330097,3.04915436732813,2.95808212217048,2.8918950542867297,2.7280618487022,2.6981325240555205,3.11968088566733,2.9218082320037095,2.7559527169921405,2.83940669644579,3.1186416700431097
111,Middle East & North Africa (IDA & IBRD countries),TMN,Military expenditure (% of GDP),3.2328485353036,3.1406712119898796,3.3293748565967,3.36893489715158,3.1114826936370497,2.96688295578289,3.22314801980788,3.19095577960309,3.1811537835330097,3.04915436732813,2.95808212217048,2.8918950542867297,2.7280618487022,2.6981325240555205,3.11968088566733,2.9218082320037095,2.7559527169921405,2.83940669644579,3.1186416700431097
112,Mongolia,MNG,Military expenditure (% of GDP),1.62050592646532,1.77694736936813,1.6387348217000601,1.90653754569999,1.8350123058221,2.0224806081530904,1.78165840784985,1.79556721143698,1.50969431652769,1.38273006263926,1.01728588491723,0.961656696108958,1.05327216611992,0.8233067454148271,0.629698225139809,0.762997245666295,0.837270236688781,0.924305618490081,0.822311489894261
113,Mozambique,MOZ,Military expenditure (% of GDP),1.46048234605694,1.11168167118259,1.10274139236448,1.13921166552746,1.24586939078367,1.2844579069583202,1.24217123946881,1.27363564169322,1.2809422111684798,1.3624211148071,0.946231881192035,0.8094672717790529,0.732653550268966,0.7282373150250759,0.772594872099085,0.976831639148558,0.9052598761041311,0.911220983815479,0.98566372785068
114,Mauritius,MUS,Military expenditure (% of GDP),0.33282560109328496,0.293390184375287,0.23407889275240001,0.202814817776534,0.208135283363803,0.20071881608957604,0.194580389102996,0.196270033883066,0.187102773867202,0.16621684973624404,0.167769653566183,0.16065103727441402,0.149284010524676,0.161601948118229,0.173363933218584,0.153056278850557,0.155485447403421,0.145576870518867,0.19444482358561396
115,Malawi,MWI,Military expenditure (% of GDP),0.790559173717009,0.88346812069005,0.9915560751504742,0.813639842029948,0.811014470541655,0.672638828685643,0.738822048464015,0.4238228645184389,0.4087924599506839,0.631868059297767,1.0452616055783002,0.7776514979533221,0.757951967846396,0.835636993913521,0.949704587838907,0.7182010236260469,0.659728503647157,0.7656306894178709,1.14018531886553
116,Malaysia,MYS,Military expenditure (% of GDP),2.7513451070467,2.40056437500985,2.08555865079224,1.60533534809333,2.10148156029312,1.6346755480484099,2.0849228116252,2.2191313968993702,2.61480673115727,2.26306196840826,2.1739290405424803,2.0075974014005102,2.05143235037725,1.91142530219534,1.9602809539641202,1.51138131608869,1.57491283083973,1.4334090775710902,1.5205956328894
117,North America,NAC,Military expenditure (% of GDP),3.6912710157921405,3.39959273959863,3.2528431395091,3.07478276687388,2.9647190277175297,2.97760774818027,2.9945688716709196,3.29681273198079,3.63125999986354,3.79150140315026,3.84479026590347,3.7881259754236,3.81359166951404,4.15754378195152,4.58185404508817,4.56065702272644,4.46409027251696,4.1369077341130795,3.74510850123752
118,Namibia,NAM,Military expenditure (% of GDP),1.94789863056824,1.9036040237159397,2.30135514297654,2.3218372451966602,3.1240330690388705,2.7067327986492207,3.00874087986708,2.61784537918538,2.6249128826462202,2.5275896811078,2.6452053014552996,2.50124939843779,2.6104245571299196,3.1372615742466,3.37436368373618,3.5147439754630696,3.5745889549471004,3.16651318521045,3.0662332421149903
119,Nigeria,NGA,Military expenditure (% of GDP),0.483558767048935,0.40617781156883204,0.435835755422039,0.5483123928642211,0.8554156303262339,0.5435316451865779,0.780315876986167,0.95433804485135,0.570707544874932,0.49099676913075896,0.397422937174069,0.348375434095589,0.370354831159892,0.489084134608938,0.505855627592204,0.539231118131693,0.5792270200859571,0.502541121731046,0.469695300560757
120,Nicaragua,NIC,Military expenditure (% of GDP),1.1028203068753601,0.9497049131162819,0.894669832421458,0.7353621923316009,0.71949282543475,0.7827514413837281,0.683524520762284,0.8651655823048889,0.860737429085598,0.7307932753002809,0.700404064217207,0.551254649186287,0.531726907630522,0.502059513250143,0.502751923976989,0.5054717112262299,0.526411336502478,0.665903553823136,0.678614214907198
121,Netherlands,NLD,Military expenditure (% of GDP),1.7942405045782701,1.75660773571403,1.65927318261403,1.5806480613385,1.5898254258288798,1.4340043406407401,1.4379068691232901,1.4265560116295501,1.44380959809676,1.4268278397690501,1.3964852790883002,1.39338905749077,1.3547167982944899,1.3053192376985099,1.39763332170373,1.3254337150161102,1.28836534898418,1.23540888805849,1.16615162393654
122,Norway,NOR,Military expenditure (% of GDP),2.3074910395753796,2.1630749742096,2.01607957074415,2.15673766669647,2.03910557145363,1.7058318732317999,1.70454145987594,2.08059193132079,1.9748544868434599,1.8487851441738201,1.5814676176276499,1.45024380537622,1.4653814846821898,1.37824164106341,1.60429503051496,1.51569817853048,1.45143576983138,1.4021341723646599,1.41399650432531
123,Nepal,NPL,Military expenditure (% of GDP),0.9414851146344251,0.900716314535601,0.8807078459821829,0.927055460453057,0.947369575132442,0.9621503183236361,1.09833438437267,1.4476499803549299,1.5922511011882499,1.79329239841169,1.9291613759865298,1.7491098626311299,1.5473938885621101,1.5999716527681598,1.6454478119384097,1.56366587467534,1.54065162137654,1.4318323979558998,1.5418601055315302
124,New Zealand,NZL,Military expenditure (% of GDP),1.8153478464176203,1.7818814848517799,1.7039708435896,1.69528017523824,1.61934201810554,1.6687421067041102,1.5813014235885101,1.45440984523588,1.44313919855601,1.3417807365988002,1.27709338888961,1.38552183386013,1.3550478758018,1.26494546310866,1.37026216003839,1.3794266181383898,1.29427725945516,1.21259513883353,1.19663680841672
125,OECD members,OED,Military expenditure (% of GDP),2.31194920679237,2.2568005254225,2.2273463485166003,2.17677545833948,2.11948853141834,2.11689360490924,2.14323588891418,2.2754907363803705,2.37285929986809,2.38995300699441,2.41058575159434,2.3821273301763397,2.35613256186786,2.4586713675354703,2.6994643770067297,2.65699564274581,2.55716201788475,2.46840094031112,2.3302567166546897
126,Oman,OMN,Military expenditure (% of GDP),10.9676477238468,9.40707829017925,9.3579111585516,9.46332483186891,8.63008675296754,8.08526706084688,9.35574349900271,9.276028324630099,9.10288674229666,9.00780996371161,8.81214185642884,8.12182993148974,7.70950595881308,5.68497110016595,6.95923012645921,6.26072725821259,7.360834095790089,12.0624781684194,11.105239245397902
127,Pakistan,PAK,Military expenditure (% of GDP),5.82022528285793,6.0371663050655595,5.6212164889017,5.415095044254401,5.18989926490607,4.16872271381496,3.87893394479455,4.073770167876569,4.09142718735613,3.95603411669147,3.8970193925629104,3.6452552043777104,3.5119861001109802,3.4593710036274503,3.2652239932295495,3.42369097294437,3.2856508160232503,3.48439877285312,3.47097250708344
128,Panama,PAN,Military expenditure (% of GDP),1.11575688974104,1.08559230216368,1.1701705672352198,0.9512920192087808,0.974136501313688,0.0,0.0,0.0,0.0,0.0,0.0,0.0,0.0,0.0,0.0,0.0,0.0,0.0,0.0
129,Peru,PER,Military expenditure (% of GDP),2.63532409935627,2.50202659772583,1.99676996833552,2.0166613419493298,1.93063071870992,1.78896684869544,1.7520201296483897,1.54184022087652,1.5094994978724,1.38222353551043,1.60472772277956,1.4691516356822198,1.30393825370825,1.23445598193008,1.52334304285133,1.4641880063422599,1.37854717339562,1.4814166039212098,1.63511541763344
130,Philippines,PHL,Military expenditure (% of GDP),2.29413153545476,2.2684076761575,1.9144613761671998,1.69729337975318,1.61577584612539,1.6082266208679599,1.4713788325538,1.4738901879336799,1.55084482917909,1.36062650970663,1.33179525044756,1.31516393650922,1.3486690775394499,1.3036557552248798,1.2568925869352099,1.2215943180097,1.2052534093749399,1.1590471424780802,1.24230283116204
131,Papua New Guinea,PNG,Military expenditure (% of GDP),0.775516093293818,1.01731136644028,1.0753537542736,0.87922032066839,0.6913945222923671,0.6391076543176619,0.5472948523052321,0.37163793146089397,0.34576318145033796,0.38912247065736205,0.41663776935302504,0.37692004726270206,0.411602600339175,0.33701447067783696,0.44794302314684703,0.32514450867052,0.35692509732188893,0.519471738934463,0.494331635967394
132,Poland,POL,Military expenditure (% of GDP),1.95550705469987,1.9679194008086398,2.03130669657497,2.01908131442398,1.9011357712238601,1.8303365853136102,1.9056380012179899,1.90063864932514,1.9080420365751298,1.8732410064926002,1.92612986992008,1.9200447924144501,2.00186930839799,1.75146123575018,1.7971765213437,1.83387785771516,1.78801192731283,1.79609371404023,1.76939395676853
133,Pre-demographic dividend,PRE,Military expenditure (% of GDP),1.3914189960372298,1.18467910536908,1.2851949581883402,1.36549640347348,2.11916856774301,1.56107730666779,1.57374922722025,1.5416369947896498,1.37043195161859,1.51536466039139,1.4529992446856999,1.4471379668203703,1.56033000639918,1.77942786333067,1.96174317118212,1.6229763908373502,1.5335940695348103,1.3964237679730502,1.77773364030502
134,Portugal,PRT,Military expenditure (% of GDP),2.26028815781966,2.12079573443008,2.04070265863168,1.8837333422202098,1.8880105653699801,1.86235604736978,1.91271986836364,1.93856312747485,1.88521653139083,1.9659180234695,2.04730388244163,1.9499699591663,1.8180552266488998,1.8365587186525902,2.0307989498210297,1.9802165969027998,2.00265001457882,1.9121370757149698,2.0896306238410203
135,Paraguay,PRY,Military expenditure (% of GDP),2.2834245690127997,2.0637899367078103,1.6856803065860901,1.54315371528311,1.38876785203796,1.24493945384649,1.07463481723327,0.97123693298858,0.8257553717843349,0.877630063887399,0.721480399782029,0.793455134933818,0.741436848396038,0.684193505886038,0.753950699049679,0.7511464379961958,0.845623774292224,0.9641791032927289,0.962063386355965
136,Post-demographic dividend,PST,Military expenditure (% of GDP),2.3207253353644304,2.2580195676746,2.2444548068144505,2.19611887590709,2.13385611682162,2.13806485870669,2.17238831287022,2.3123676141070297,2.41101866813613,2.43410380967984,2.4635237110360495,2.43876707683978,2.4084079075183,2.5144429651102405,2.7552560500478,2.7194167392821003,2.62096142751002,2.52903849650089,2.3828887171979103
137,Romania,ROU,Military expenditure (% of GDP),2.61344768528808,2.36907292563377,3.0176499620051898,3.00417486391887,2.6402592674037595,2.49891418426016,2.4207451879196,2.28729607547664,2.08848713354877,2.00765756131918,1.98193527598999,1.82257107476766,1.48217045589644,1.40462834481121,1.28911571928162,1.25505682001034,1.2973388398068302,1.22834816214223,1.28438842827724
138,Russian Federation,RUS,Military expenditure (% of GDP),3.78442996742671,3.7565588208028196,4.03980929678188,2.73264908865687,3.07328792235108,3.3070298366754103,3.54631922908818,3.7562773910801805,3.6708380896010397,3.30035364660483,3.33010319224077,3.2452543791102797,3.11748733309073,3.1484116229202503,3.92273249441802,3.5838590581770897,3.42344793265044,3.68596867256715,3.84623273201621
139,Rwanda,RWA,Military expenditure (% of GDP),0.6078028747433261,5.328556116352139,4.1735256126053795,4.37764728159408,4.448105436573309,3.53550295857988,3.3962264150943398,3.04893350062735,2.44712990936556,1.97346600331675,1.74305555555556,1.7308798159862,1.45315487571702,1.39202407825433,1.3993893795660202,1.29051579051579,1.16123941493457,1.09072096128171,1.08206532765267
140,South Asia,SAS,Military expenditure (% of GDP),2.98526760346711,2.89032275507815,2.9312610897864197,2.9631749959267997,3.0867477894247597,3.01002732138791,2.92135708737194,2.84175740350883,2.7208949002573104,2.83347675300421,2.7618659730279203,2.5669414465642,2.41196857953841,2.58382843168654,2.82739694732015,2.6764816123959196,2.6228334336024703,2.52710471022211,2.4635111063456603
141,South Asia,SAS,Military expenditure (% of GDP),2.98526760346711,2.89032275507815,2.9312610897864197,2.9631749959267997,3.0867477894247597,3.01002732138791,2.92135708737194,2.84175740350883,2.7208949002573104,2.83347675300421,2.7618659730279203,2.5669414465642,2.41196857953841,2.58382843168654,2.82739694732015,2.6764816123959196,2.6228334336024703,2.52710471022211,2.4635111063456603
142,South Asia (IDA & IBRD),TSA,Military expenditure (% of GDP),2.98526760346711,2.89032275507815,2.9312610897864197,2.9631749959267997,3.0867477894247597,3.01002732138791,2.92135708737194,2.84175740350883,2.7208949002573104,2.83347675300421,2.7618659730279203,2.5669414465642,2.41196857953841,2.58382843168654,2.82739694732015,2.6764816123959196,2.6228334336024703,2.52710471022211,2.4635111063456603
143,South Asia (IDA & IBRD),TSA,Military expenditure (% of GDP),2.98526760346711,2.89032275507815,2.9312610897864197,2.9631749959267997,3.0867477894247597,3.01002732138791,2.92135708737194,2.84175740350883,2.7208949002573104,2.83347675300421,2.7618659730279203,2.5669414465642,2.41196857953841,2.58382843168654,2.82739694732015,2.6764816123959196,2.6228334336024703,2.52710471022211,2.4635111063456603
144,Saudi Arabia,SAU,Military expenditure (% of GDP),9.27846839011516,8.46807775904447,11.000935423416701,14.311037450059303,11.3819360225849,10.5344033130193,11.4190048869926,9.758063800537972,8.68711846455737,8.08155565898243,7.730599237019909,7.848367389562941,8.52705120897854,7.3534384678889095,9.6171992613664,8.56567742612792,7.23005332410004,7.676602967786651,8.97612773321565
145,Senegal,SEN,Military expenditure (% of GDP),1.3100991106619198,1.24391793737025,1.1969122297618,1.1791418545260701,1.20212680514523,1.04836027705155,1.11566749250516,1.10124043617179,1.11544277826225,1.05782487014373,1.12860151300858,1.25385736051262,1.3496322253531,1.2794857699415099,1.32213990827877,1.2071048838686,1.28750563230373,1.1032641761730901,1.2486056901826101
146,Singapore,SGP,Military expenditure (% of GDP),4.17879788368962,4.25331403898939,4.45003647708667,5.21105296070909,5.20735398793435,4.51888629365982,4.82624999921862,4.9249862874240895,4.869647648048059,4.41680505073795,4.28812584286617,3.9450252304809803,3.62178147228127,3.87778862006233,3.91761178883577,3.42984932114948,3.2330417456999396,3.1553600515781097,3.06964941804167
147,El Salvador,SLV,Military expenditure (% of GDP),1.17505832785871,1.07440915279515,1.0077662062942199,0.922942907935975,0.9205492395935378,0.840331038102095,1.09067003863398,1.1302387299052399,0.841381284888912,0.810214431044768,0.9042046536943801,0.888131105901353,0.973444824900437,0.961811630582052,1.07887796691441,1.08955372746629,1.08806149544119,1.04880947878649,1.08065548951248
148,Sub-Saharan Africa (excluding high income),SSA,Military expenditure (% of GDP),1.8412152194108502,1.54660894155709,1.5517587655362701,1.5888097827715701,1.9560188474142701,1.70681605142014,1.6780195323567502,1.7142298871511998,1.49466414643977,1.5053972665682,1.41014733069387,1.38008352951068,1.3770177990526997,1.5332718275421202,1.6247932015253002,1.3306756972178402,1.2926368953090601,1.2587755377941001,1.3538203425076598
149,Sub-Saharan Africa,SSF,Military expenditure (% of GDP),1.82301957931197,1.53147697534946,1.53739432389725,1.5718991742994197,1.93375948296444,1.6879140824927301,1.65858105148615,1.69485479447582,1.47996459475139,1.4920175346911397,1.3995951133185403,1.3703608751371001,1.3671189498065501,1.52141943926671,1.6123693117446003,1.320970853887,1.28316767671118,1.25005528138029,1.34509145469326
150,Sub-Saharan Africa,SSF,Military expenditure (% of GDP),1.82301957931197,1.53147697534946,1.53739432389725,1.5718991742994197,1.93375948296444,1.6879140824927301,1.65858105148615,1.69485479447582,1.47996459475139,1.4920175346911397,1.3995951133185403,1.3703608751371001,1.3671189498065501,1.52141943926671,1.6123693117446003,1.320970853887,1.28316767671118,1.25005528138029,1.34509145469326
151,Sub-Saharan Africa (IDA & IBRD countries),TSS,Military expenditure (% of GDP),1.82301957931197,1.53147697534946,1.53739432389725,1.5718991742994197,1.93375948296444,1.6879140824927301,1.65858105148615,1.69485479447582,1.47996459475139,1.4920175346911397,1.3995951133185403,1.3703608751371001,1.3671189498065501,1.52141943926671,1.6123693117446003,1.320970853887,1.28316767671118,1.25005528138029,1.34509145469326
152,Sub-Saharan Africa (IDA & IBRD countries),TSS,Military expenditure (% of GDP),1.82301957931197,1.53147697534946,1.53739432389725,1.5718991742994197,1.93375948296444,1.6879140824927301,1.65858105148615,1.69485479447582,1.47996459475139,1.4920175346911397,1.3995951133185403,1.3703608751371001,1.3671189498065501,1.52141943926671,1.6123693117446003,1.320970853887,1.28316767671118,1.25005528138029,1.34509145469326
153,Slovak Republic,SVK,Military expenditure (% of GDP),3.15455810787471,2.9738286677448,2.28311624477759,1.74433653315927,1.57382654973916,1.6553123819075,1.8431609896200702,1.7760268404571,1.84111107563443,1.6520060170675002,1.68144094629442,1.59651260799806,1.48095560555653,1.4614925974231898,1.5182029487781,1.27113713116158,1.08456790835769,1.09210678719198,0.982878857025952
154,Slovenia,SVN,Military expenditure (% of GDP),1.5730347757491698,1.5363628120904398,1.40136831751909,1.36118246899735,1.211302468275,1.09316627543634,1.3004824737298102,1.38761857556639,1.4037983371061498,1.43065194465024,1.4201971624414,1.54218221292603,1.44291454234963,1.4929191411374598,1.5861568246701798,1.60312521178811,1.29217076374929,1.16679123354242,1.04694825557094
155,Sweden,SWE,Military expenditure (% of GDP),2.15896881665563,2.14090775518102,1.95327692368964,1.90850085319123,1.8908850725377802,1.83267304982489,1.7127473730763798,1.6411545404720802,1.59678996943608,1.4412833599289299,1.41588836866932,1.32720742978137,1.30871883935986,1.16892341594098,1.1635969019994399,1.18828837231971,1.10428814418825,1.13330363058497,1.11671464065201
156,Eswatini,SWZ,Military expenditure (% of GDP),1.69333926177873,1.65257773101622,1.4948391704748702,1.6472089506265801,1.68450591336061,1.4352057909750802,1.29003645312602,1.3037865159184598,1.4709540787189699,1.54133090916197,1.9028865792150602,1.80993274483633,1.83040038590655,2.07636908308678,2.16693240062635,2.21973613362912,2.22766719161476,1.8881063071359099,1.8742884282823997
157,Seychelles,SYC,Military expenditure (% of GDP),2.2811802628316404,2.09574851017878,2.02481003710903,1.7329155876812898,1.78292544212037,1.67933282099451,1.7782655216878402,1.6773754709083302,1.7343163749901598,1.8976402274236899,1.60235235107661,1.41343002330889,1.4682835893555901,1.15019319695979,1.02087833561425,0.7379153632704459,0.8555040633174641,0.936679584641367,1.03655893266994
158,Europe & Central Asia (IDA & IBRD countries),TEC,Military expenditure (% of GDP),3.3221671360241802,3.31670148436598,3.53375804223279,2.75764904006302,2.9419665045512495,2.89844535032283,2.90589287395233,3.0467043566005,2.88832070386545,2.61244228123176,2.5606628073507003,2.5401032579817997,2.4793191646312,2.44834863979135,2.7731153251487597,2.6259581262101803,2.5700519348757997,2.72891584614661,2.7668124222650294
159,Thailand,THA,Military expenditure (% of GDP),2.2908370578637998,2.16438699295604,2.16367395580874,1.8865058522193,1.67728398043596,1.5326998433795902,1.49286305639427,1.4289399960371598,1.32348186365952,1.15465234820074,1.1237075810648,1.17837530047043,1.42552498053891,1.6393274633105201,1.8200417162940299,1.55606665372895,1.59496286616963,1.3823423735371398,1.40330408261917
160,Tunisia,TUN,Military expenditure (% of GDP),1.90185200389402,2.029245471043,1.89537854934875,1.8465657246196898,1.7165485821754598,1.75327199190324,1.7240763749053898,1.67747180303455,1.65791227499424,1.58528870403078,1.45160134699434,1.4463676894833501,1.2610064785285902,1.2905735480369098,1.29495669893021,1.2966498981838,1.56127332321686,1.5123424535955199,1.6416160261597
161,Turkey,TUR,Military expenditure (% of GDP),3.90164973474904,4.13969694261893,4.10367223056831,3.18450090852014,3.88901737403665,3.6610946697956197,3.6034570748273502,3.7959268811379503,3.29604717264126,2.69798371690976,2.40937050592188,2.3595222796582003,2.2179293211353097,2.199273923442,2.4893117421155497,2.2866965832372097,2.04270107066063,2.0245629463988797,1.93853933267158
162,Tanzania,TZA,Military expenditure (% of GDP),1.62721403741102,1.55535029886083,1.5435445395517298,1.60197154683142,1.48766265966724,1.48726401206321,1.4516046439920403,1.30259845652854,1.0743069684707098,0.9946145725830979,0.823941300163293,0.7921240107306791,0.773035719207189,0.7083318431869051,0.768094083029065,0.9089237976550129,0.916153060507081,0.9269549714417571,1.00009968050831
163,Uganda,UGA,Military expenditure (% of GDP),2.1015105327424397,2.21091090169168,2.11670724007935,2.44235581316614,2.65573403225382,2.36380393975317,2.2548136271558397,2.18975048357701,2.26612315927789,2.36587774733498,2.256257063983,2.01393449926786,1.86798353662251,1.8048540408901799,1.5798613150343501,3.01155814816836,2.8763960272880205,1.4358051371217702,1.16270110555252
164,Ukraine,UKR,Military expenditure (% of GDP),2.03595743178689,2.19078630905066,2.79497910969606,2.10598171305119,1.9007561884641901,2.1510492369186003,1.8868710784893998,1.98468424604293,2.12420904616827,1.96705859978073,1.8827125460777399,1.86432645669065,1.92348251377554,1.7863228095344998,1.90898190365369,1.9023610223227798,1.5336412405932,1.61331991729012,1.57929167934982
165,Upper middle income,UMC,Military expenditure (% of GDP),2.0252739306759198,1.95035015444078,1.9079004823939198,1.7446644961853501,1.79723128734306,1.74688466121496,1.84361344885587,1.92274426736946,1.8981492832045501,1.83152695385144,1.82771791238256,1.81967559841032,1.8112655151067099,1.8349360638336798,2.01704774352721,1.8609897499488,1.79485110176624,1.85650674154135,1.9086472379593602
166,Uruguay,URY,Military expenditure (% of GDP),2.7146366745292596,2.8059383904222703,2.39972074691363,2.2581336824167995,2.3944609705068,2.4359772878704504,2.5025776621771603,2.53014006008996,2.23754532184395,2.0407280132366004,2.00038586601038,2.00617807800672,1.77716708828507,1.86952468832085,1.8226133795888702,1.87580785777619,1.71974893241654,1.80366982524901,1.81655130184474
167,United States,USA,Military expenditure (% of GDP),3.8602457917389,3.55498220635218,3.4055622441885496,3.2015584989699604,3.08567678324746,3.11224214697679,3.1238098026670293,3.44761809928778,3.8271610447362296,4.0163127364069195,4.09003487632585,4.041627236789689,4.0796550810522,4.463827356299889,4.88559968011478,4.922641677069961,4.8401739949027505,4.47740121867267,4.0466788786709795
168,"Venezuela, RB",VEN,Military expenditure (% of GDP),1.54906215977261,1.03948338355238,1.79528505216579,1.5885552045427298,1.43719900378467,1.52657012884905,1.5551079111325499,1.15337359551171,1.18269062721142,1.28830181236512,1.83171374924625,1.9784922172232,1.88899310620025,1.7935528517957402,1.23107041540807,1.01348862784929,1.1304053407843102,1.34147173233053,1.66955178280415
169,World,WLD,Military expenditure (% of GDP),2.37456994308778,2.3048853276659,2.3089834441427404,2.25735510061721,2.2053656944523197,2.19508164615651,2.23198066993687,2.33644464617726,2.39502316650796,2.3941755138459397,2.3974494717411403,2.35781084518529,2.32389936865298,2.38965749399691,2.6226242372260096,2.5281687794501697,2.4266360581109803,2.3812684444197,2.31658513876547
170,"Yemen, Rep.",YEM,Military expenditure (% of GDP),6.350578483054579,5.28134594096812,5.80575259672107,6.08156870413826,5.17272243639362,4.91539236509943,5.481014691646299,6.8956079503431,6.85455205201499,5.3013664964560006,4.868317011588901,4.30846683494059,4.85072348722524,4.44582949823727,5.653648497179611,4.68555703404199,4.92646170259402,4.57388427656059,4.07952740426758
171,South Africa,ZAF,Military expenditure (% of GDP),2.11786404667743,1.75587879819291,1.58213355671958,1.3831667231224498,1.2720529306273798,1.38728913141799,1.48316101798605,1.52930955872386,1.4688112381823,1.35572857797827,1.3837696903591499,1.29074698271175,1.1775172528871698,1.14584331442431,1.21400204252781,1.11580825092212,1.1032576755513799,1.1327931119157,1.12327426203249
