,Unnamed: 0,Country,Year,AvgTemperature,suicides/100k pop
0,0,Albania,1997,22.18599033816425,77.43
1,1,Albania,1998,16.451388888888893,66.52
2,2,Albania,1999,17.287200628190018,69.81
3,3,Albania,2000,17.3205251360871,30.699999999999996
4,4,Albania,2001,16.242000000000004,50.61999999999999
5,5,Albania,2002,17.38959212376933,62.510000000000005
6,6,Albania,2003,17.58602646968298,58.60000000000001
7,7,Albania,2004,16.402130898021305,65.39
8,8,Albania,2005,16.006274869911223,0.0
9,9,Albania,2006,15.486034376918347,0.0
10,10,Albania,2007,16.29410866910867,65.85
11,11,Albania,2008,15.923992673992677,71.05000000000001
12,12,Albania,2009,16.197907048322552,0.0
13,13,Albania,2010,15.871537290715379,41.66
14,50,Argentina,1995,16.500761035007606,119.97
15,51,Argentina,1996,17.061171827565268,118.03
16,52,Argentina,1997,17.302130898021307,111.39999999999998
17,53,Argentina,1998,16.533950617283946,116.92999999999998
18,54,Argentina,1999,16.575396825396815,117.19
19,55,Argentina,2000,16.886757990867576,131.39
20,56,Argentina,2001,17.41101953601952,143.55999999999997
21,57,Argentina,2002,17.225925925925935,139.42
22,58,Argentina,2003,16.62457912457913,146.29
23,59,Argentina,2004,17.014420157862773,131.05999999999997
24,60,Argentina,2005,16.839726027397248,128.18
25,61,Argentina,2006,17.048858447488573,128.21999999999997
26,62,Argentina,2007,16.289682539682538,118.35000000000004
27,63,Argentina,2008,17.41987179487179,118.10999999999999
28,64,Argentina,2009,17.230463980463973,107.32000000000001
29,65,Argentina,2010,17.225722983257228,111.24000000000001
30,66,Argentina,2011,17.35296803652969,105.86999999999998
31,67,Argentina,2012,17.625075895567704,119.81999999999998
32,68,Argentina,2013,17.155859969558602,103.42
33,76,Australia,1995,16.389863013698662,155.19
34,77,Australia,1996,16.253221492827596,175.33999999999997
35,78,Australia,1997,16.750989345509872,186.93000000000006
36,79,Australia,1998,16.778247734138976,176.41000000000003
37,80,Australia,1999,16.92909035409036,167.14999999999998
38,81,Australia,2000,16.80567698846386,157.82000000000005
39,82,Australia,2001,16.793925518925533,158.79000000000002
40,83,Australia,2002,17.05018518518517,144.68
41,84,Australia,2003,16.879267022124186,133.84
42,85,Australia,2004,16.954705525197316,133.76000000000002
43,87,Australia,2006,17.041613394216153,127.89000000000001
44,88,Australia,2007,17.369169719169722,130.25
45,89,Australia,2008,16.742646609184874,130.48999999999998
46,90,Australia,2009,17.446428571428584,130.12
47,91,Australia,2010,17.063531202435357,132.64000000000001
48,92,Australia,2011,16.966027397260248,133.21999999999997
49,93,Australia,2012,16.808712811171826,139.57
50,94,Australia,2013,17.434809123063776,138.78
51,102,Austria,1995,10.139573820395738,348.0899999999999
52,103,Austria,1996,8.709319975713429,342.65
53,104,Austria,1997,9.82374429223744,297.5000000000001
54,105,Austria,1998,10.743305632502306,289.38
55,106,Austria,1999,10.53067765567766,280.3
56,107,Austria,2000,11.533090467516699,289.77
57,108,Austria,2001,10.457229832572304,261.90999999999997
58,109,Austria,2002,11.038319482917828,276.92
59,110,Austria,2003,10.830593607305932,257.06
60,111,Austria,2004,10.335003035822703,254.04
61,112,Austria,2005,10.167884322678844,235.24999999999997
62,113,Austria,2006,10.686301369863019,218.89999999999995
63,114,Austria,2007,11.671703296703301,217.31
64,115,Austria,2008,11.439573820395738,216.45000000000002
65,116,Austria,2009,10.985500610500603,213.22
66,117,Austria,2010,9.583713850837134,207.55000000000004
67,118,Austria,2011,10.710806697108072,211.49
68,119,Austria,2012,11.061930783242257,206.63
69,120,Austria,2013,10.792389649923903,212.12
70,128,Bahamas,1995,25.061660561660556,7.16
71,129,Bahamas,1996,24.45992714025501,9.82
72,130,Bahamas,1997,25.131619222528318,7.15
73,131,Bahamas,1998,25.60103871576959,11.09
74,132,Bahamas,1999,25.367592592592587,22.959999999999997
75,133,Bahamas,2000,25.210622710622683,40.660000000000004
76,134,Bahamas,2001,25.259920634920626,2.68
77,135,Bahamas,2002,26.090740740740728,9.969999999999999
78,136,Bahamas,2003,26.48168498168497,2.49
79,137,Bahamas,2004,25.702737520128842,5.93
80,138,Bahamas,2005,26.13258636788048,13.32
81,139,Bahamas,2006,25.985339506172853,5.640000000000001
82,140,Bahamas,2007,26.59083652618136,13.420000000000002
83,141,Bahamas,2008,26.406029996939093,12.490000000000002
84,142,Bahamas,2009,26.31791819291817,15.98
85,143,Bahamas,2010,25.69558599695587,58.32
86,144,Bahamas,2011,26.58386605783864,12.989999999999998
87,145,Bahamas,2012,25.89769277474193,11.84
88,146,Bahamas,2013,25.652511415525087,13.91
89,156,Bahrain,1997,25.99847792998478,0.0
90,157,Bahrain,1998,27.88935056940597,0.0
91,158,Bahrain,1999,27.942155067155053,22.459999999999997
92,159,Bahrain,2000,27.00333940497873,32.73
93,160,Bahrain,2001,27.40167427701675,30.659999999999993
94,161,Bahrain,2002,27.14773776546628,27.68
95,162,Bahrain,2003,27.20913242009129,32.39
96,163,Bahrain,2004,27.09911961141469,54.21000000000001
97,164,Bahrain,2005,26.78295281582953,40.22
98,165,Bahrain,2006,27.225266362252675,27.18
99,166,Bahrain,2007,27.211996336996325,32.09
100,167,Bahrain,2008,26.940628815628788,27.89
101,168,Bahrain,2009,27.44688644688645,24.59
102,169,Bahrain,2010,28.292694063926948,11.89
103,170,Bahrain,2011,27.177777777777766,14.96
104,171,Bahrain,2012,27.60230722525805,8.68
105,172,Bahrain,2013,27.335768645357685,2.49
106,196,Barbados,1995,27.36706349206352,72.28999999999999
107,201,Barbados,2000,26.792085235920855,37.13
108,202,Barbados,2001,27.052946593001828,8.65
109,203,Barbados,2002,27.34938271604935,0.0
110,204,Barbados,2003,27.389374797538064,0.0
111,205,Barbados,2004,27.40921787709497,7.79
112,206,Barbados,2005,27.812176560121745,2.58
113,207,Barbados,2006,27.593911719939108,45.38
114,208,Barbados,2007,27.264969135802485,0.0
115,209,Barbados,2008,26.82489257213013,2.31
116,210,Barbados,2009,27.29044566544568,28.799999999999997
117,211,Barbados,2010,27.80152207001523,7.62
118,212,Barbados,2011,27.436529680365283,0.0
119,213,Barbados,2012,27.019581056466304,0.0
120,214,Barbados,2013,27.092085235920887,0.0
121,220,Belarus,1995,6.916819291819289,404.00999999999993
122,221,Belarus,1996,5.815586419753085,455.7099999999999
123,222,Belarus,1997,6.251913070094893,446.49999999999994
124,223,Belarus,1998,6.912387177093063,455.64
125,224,Belarus,1999,8.293345543345538,450.36
126,225,Belarus,2000,8.311778992106866,447.3
127,226,Belarus,2001,7.426179604261797,419.6500000000001
128,227,Belarus,2002,8.074330563250227,410.99999999999994
129,228,Belarus,2003,7.171411080501992,444.86
130,232,Belarus,2007,8.19727578818488,355.89000000000004
131,233,Belarus,2008,8.318223443223445,352.15999999999997
132,234,Belarus,2009,7.3065503520048924,375.53999999999996
133,235,Belarus,2010,7.236568986568985,331.97999999999996
134,236,Belarus,2011,8.062100456621009,299.36
135,238,Belarus,2013,7.955555555555558,273.32
136,246,Belgium,1995,10.945053272450526,285.90000000000003
137,247,Belgium,1996,8.99544626593807,267.54
138,248,Belgium,1997,10.629223744292242,284.73999999999995
139,249,Belgium,1998,10.721298861188057,264.73999999999995
140,250,Belgium,1999,11.181013431013437,230.70000000000002
141,251,Belgium,2000,11.286126290224654,267.8
142,252,Belgium,2001,10.881887366818875,261.22
143,253,Belgium,2002,11.296398891966765,247.85999999999999
144,254,Belgium,2003,11.2910197869102,248.72999999999996
145,255,Belgium,2004,10.905434122647236,231.06000000000003
146,256,Belgium,2005,11.189041095890405,231.75000000000003
147,257,Belgium,2006,11.142161339421609,214.89999999999998
148,258,Belgium,2007,11.191697191697186,208.56999999999996
149,259,Belgium,2008,10.594414086217363,221.54000000000002
150,260,Belgium,2009,10.700702075702084,218.35000000000002
151,261,Belgium,2010,9.3531202435312,220.18
152,262,Belgium,2011,11.37534246575342,226.70999999999998
153,263,Belgium,2012,10.420765027322412,217.13
154,264,Belgium,2013,9.91963470319635,201.55000000000004
155,272,Belize,1995,25.647817460317462,143.96999999999997
156,273,Belize,1996,26.828158295281572,61.290000000000006
157,274,Belize,1997,27.69935543278084,5.77
158,275,Belize,1998,27.754656390494546,81.77999999999999
159,276,Belize,1999,26.842154131847728,83.71999999999998
160,277,Belize,2000,26.899543378995443,160.80000000000004
161,278,Belize,2001,27.19642857142858,151.7
162,279,Belize,2002,27.42453703703702,69.62
163,280,Belize,2003,27.4712219144352,59.00000000000001
164,281,Belize,2004,27.42446941323347,117.38
165,282,Belize,2005,27.604779993668906,46.1
166,283,Belize,2006,27.294871794871806,37.92000000000001
167,284,Belize,2007,27.647757697456502,78.49
168,285,Belize,2008,27.34833971902938,86.36000000000001
169,286,Belize,2009,27.551067780872774,57.76
170,287,Belize,2010,27.17882425361649,61.47999999999999
171,288,Belize,2011,27.462404870624066,153.3
172,289,Belize,2012,27.2768670309654,73.44999999999999
173,290,Belize,2013,27.089649923896488,56.400000000000006
174,366,Brazil,1995,22.12059868087268,75.23999999999998
175,367,Brazil,1996,21.85848006476425,73.33
176,368,Brazil,1997,21.974948709642625,76.80000000000001
177,369,Brazil,1998,22.612999198993037,75.05
178,370,Brazil,1999,21.88014119091463,67.64999999999999
179,371,Brazil,2000,22.316996448503307,68.22999999999999
180,372,Brazil,2001,22.684574684574645,73.49000000000001
181,373,Brazil,2002,22.79596899224805,69.77
182,374,Brazil,2003,22.13212937455359,68.07000000000001
183,375,Brazil,2004,21.94196518923293,70.22
184,376,Brazil,2005,21.92800608828005,73.60000000000001
185,377,Brazil,2006,21.63916793505832,69.89999999999999
186,378,Brazil,2007,21.80774318274319,71.67999999999999
187,379,Brazil,2008,21.31124375063768,72.21000000000001
188,380,Brazil,2009,21.92689255189253,70.37
189,381,Brazil,2010,22.4441400304414,72.73
190,382,Brazil,2011,21.744444444444426,72.41000000000001
191,383,Brazil,2012,22.319267354786497,74.45000000000002
192,384,Brazil,2013,22.260933536276024,73.41000000000001
193,392,Bulgaria,1995,9.683409436834099,277.85
194,393,Bulgaria,1997,9.322222222222221,276.36
195,394,Bulgaria,1998,10.409510618651888,304.61
196,395,Bulgaria,1999,10.561355311355305,250.70999999999998
197,396,Bulgaria,2000,10.959775349119617,259.22
198,397,Bulgaria,2001,10.40228310502282,244.62
199,398,Bulgaria,2002,10.241151123422586,247.35
200,399,Bulgaria,2003,10.09558599695586,207.65
201,400,Bulgaria,2004,10.299787492410443,184.11999999999998
202,401,Bulgaria,2005,9.522070015220699,178.06
203,402,Bulgaria,2006,10.232267884322681,186.53
204,403,Bulgaria,2007,11.968864468864474,173.77
205,404,Bulgaria,2008,11.886453576864525,170.34
206,405,Bulgaria,2009,11.474969474969484,154.42
207,406,Bulgaria,2010,11.589497716894975,158.25000000000006
208,407,Bulgaria,2011,10.808675799086751,133.51999999999998
209,408,Bulgaria,2012,11.779751062537956,164.17
210,409,Bulgaria,2013,11.936073059360726,134.16000000000003
211,427,Canada,1995,6.2509352787130466,163.52
212,428,Canada,1996,6.389565806014887,162.89000000000001
213,429,Canada,1997,6.237503890445058,151.43000000000004
214,430,Canada,1998,7.917590504822741,150.12
215,431,Canada,1999,7.397470389955767,158.44000000000003
216,432,Canada,2000,6.383150902797266,139.00000000000003
217,433,Canada,2001,7.083079900469997,137.43
218,434,Canada,2002,6.253411580594679,137.73000000000002
219,435,Canada,2003,6.77022424070397,137.27
220,436,Canada,2004,6.61165884194054,131.66
221,437,Canada,2005,7.223585644883277,133.84
222,438,Canada,2006,7.299911160126232,126.42999999999999
223,439,Canada,2007,6.535510216756716,127.45
224,440,Canada,2008,6.5732857142857135,127.59
225,441,Canada,2009,6.411297189894968,130.66999999999996
226,442,Canada,2010,7.2307336079971645,132.67000000000002
227,443,Canada,2011,7.02590853764562,125.02000000000001
228,444,Canada,2012,7.3405699944994645,127.87999999999998
229,445,Canada,2013,6.386541471048495,133.09
230,505,Colombia,1995,12.992216117216124,49.64
231,506,Colombia,1996,12.824074074074074,53.17
232,507,Colombia,1997,13.461948249619484,52.76999999999999
233,508,Colombia,1998,14.085014409221902,81.67999999999999
234,509,Colombia,1999,13.363920099875168,84.10000000000001
235,510,Colombia,2000,12.966818873668196,89.77999999999999
236,511,Colombia,2001,13.244658119658133,88.26999999999998
237,512,Colombia,2002,13.789660493827169,81.38
238,513,Colombia,2003,13.47191528545119,79.85000000000001
239,514,Colombia,2004,13.110048573163334,84.25
240,515,Colombia,2005,13.339269406392688,74.84
241,516,Colombia,2006,13.244505494505484,78.41
242,517,Colombia,2007,13.063513927150295,74.25000000000003
243,518,Colombia,2008,12.902933832709111,74.22000000000001
244,519,Colombia,2009,13.610653235653247,73.83000000000001
245,520,Colombia,2010,13.852054794520548,67.24000000000001
246,521,Colombia,2011,13.779756468797565,62.879999999999995
247,522,Colombia,2012,13.530358227079532,66.45
248,523,Colombia,2013,13.800152207001519,63.529999999999994
249,557,Costa Rica,1995,22.759380692167557,79.17999999999999
250,558,Costa Rica,1996,22.80530679933665,94.86
251,559,Costa Rica,1997,22.939240893786334,80.63
252,560,Costa Rica,1998,23.19475308641973,92.09
253,561,Costa Rica,1999,21.937271062271048,85.06
254,562,Costa Rica,2000,22.35016835016836,88.28999999999998
255,563,Costa Rica,2001,22.93878175696358,76.03
256,564,Costa Rica,2002,23.39151965335809,95.62000000000002
257,565,Costa Rica,2003,23.04989286807467,115.88
258,566,Costa Rica,2004,22.95665445665447,100.72000000000001
259,567,Costa Rica,2005,22.33242009132419,78.73
260,568,Costa Rica,2006,22.579147640791486,100.83000000000001
261,569,Costa Rica,2007,22.456654456654462,75.35000000000001
262,570,Costa Rica,2008,22.031680440771346,72.26999999999998
263,571,Costa Rica,2009,22.700854700854716,77.37
264,572,Costa Rica,2010,22.467123287671214,84.35000000000001
265,573,Costa Rica,2011,22.297108066971067,89.83000000000001
266,574,Costa Rica,2012,22.433667273831205,80.75999999999999
267,575,Costa Rica,2013,22.583561643835612,89.25999999999999
268,583,Croatia,1996,11.210543877210538,334.78999999999996
269,584,Croatia,1997,11.011882716049387,313.7
270,585,Croatia,1998,11.305711610486894,344.30000000000007
271,586,Croatia,1999,12.031833486378954,327.28000000000003
272,587,Croatia,2000,13.252289377289381,322.75
273,588,Croatia,2001,12.31202435312025,287.54
274,589,Croatia,2002,12.641512345679017,304.12
275,590,Croatia,2003,12.477473363774743,281.68999999999994
276,591,Croatia,2004,11.692926533090466,302.24
277,592,Croatia,2005,11.24353120243532,269.56999999999994
278,593,Croatia,2006,12.34474885844749,248.21999999999994
279,594,Croatia,2007,13.212729536258946,243.45000000000002
280,595,Croatia,2008,12.900335775335769,265.68999999999994
281,596,Croatia,2009,12.914987789987785,254.29
282,597,Croatia,2010,11.787062404870616,241.97
283,598,Croatia,2011,12.626331811263311,221.10999999999999
284,599,Croatia,2012,13.09092289010322,239.01
285,600,Croatia,2013,12.427853881278546,210.29999999999995
286,608,Cuba,1995,24.349030470914133,352.76000000000005
287,609,Cuba,1996,24.052917903066287,316.2300000000001
288,610,Cuba,1997,25.126277612924515,317.4
289,611,Cuba,1998,24.800749429781696,326.97999999999996
290,612,Cuba,1999,24.287460317460326,306.12000000000006
291,613,Cuba,2000,23.971505889843996,272.77000000000004
292,614,Cuba,2001,24.038545568039943,244.51
293,615,Cuba,2002,24.690123456790115,240.42000000000004
294,616,Cuba,2003,24.59687786960515,221.12
295,617,Cuba,2004,24.568672839506174,216.12
296,618,Cuba,2005,24.42648401826481,205.93999999999997
297,619,Cuba,2006,24.4289193302892,202.54999999999995
298,620,Cuba,2007,24.490689865689863,188.18000000000004
299,621,Cuba,2008,24.208021223470663,190.98999999999995
300,622,Cuba,2009,24.195518723143028,201.32999999999996
301,623,Cuba,2010,23.57077625570777,202.13000000000002
302,624,Cuba,2011,24.07899543378997,207.05
303,625,Cuba,2012,23.917273831208263,204.0
304,626,Cuba,2013,24.398173515981732,190.45999999999998
305,638,Cyprus,1999,18.777046783625728,1.57
306,639,Cyprus,2000,22.670063948840927,8.36
307,643,Cyprus,2004,22.751536643025986,9.169999999999998
308,644,Cyprus,2005,19.127549467275497,24.739999999999995
309,645,Cyprus,2006,19.07123287671232,27.639999999999997
310,646,Cyprus,2007,19.545313469894477,36.17
311,647,Cyprus,2008,20.03074581430747,59.07000000000001
312,648,Cyprus,2009,20.570529513888886,55.53
313,649,Cyprus,2010,32.27777777777778,58.879999999999995
314,650,Czech Republic,1995,8.203652968036533,264.4
315,651,Czech Republic,1996,6.391317547055247,243.48
316,652,Czech Republic,1997,7.909436834094369,234.13000000000002
317,653,Czech Republic,1998,8.766543551862112,226.7
318,654,Czech Republic,1999,8.850732600732606,236.93
319,655,Czech Republic,2000,9.489981785063762,226.64000000000001
320,656,Czech Republic,2001,8.316742770167426,220.92000000000002
321,657,Czech Republic,2002,9.022160664819948,212.14999999999998
322,658,Czech Republic,2003,8.951445966514463,234.88000000000005
323,659,Czech Republic,2004,8.538858530661802,203.01999999999998
324,660,Czech Republic,2005,8.530136986301374,193.39999999999998
325,661,Czech Republic,2006,9.075342465753415,178.4
326,662,Czech Republic,2007,9.894230769230765,170.78
327,663,Czech Republic,2008,9.369352869352868,175.00999999999996
328,664,Czech Republic,2009,9.141178266178251,179.70999999999995
329,665,Czech Republic,2010,7.770167427701676,175.62
330,666,Czech Republic,2011,9.258751902587523,186.23999999999998
331,667,Czech Republic,2012,9.06800242865816,196.23
332,668,Czech Republic,2013,8.329832572298326,186.07000000000002
333,676,Denmark,1995,7.911872146118717,239.13000000000005
334,677,Denmark,1996,6.36293260473588,229.55999999999997
335,678,Denmark,1997,8.377016742770172,218.46
336,679,Denmark,1998,8.152508464142807,188.68
337,680,Denmark,1999,8.709096459096454,183.09000000000003
338,681,Denmark,2000,9.063752276867033,181.07000000000002
339,682,Denmark,2001,8.153576864535768,186.17000000000002
340,683,Denmark,2002,8.874115112342256,176.51000000000002
341,684,Denmark,2003,8.395281582952821,156.7
342,685,Denmark,2004,8.370522161505772,161.78
343,686,Denmark,2005,8.397564687975645,164.23
344,687,Denmark,2006,9.014916286149164,162.08
345,688,Denmark,2007,9.218406593406597,139.95999999999998
346,689,Denmark,2008,9.116272009714637,143.04999999999998
347,690,Denmark,2009,8.618742368742364,144.7
348,691,Denmark,2010,6.881430745814308,130.02
349,692,Denmark,2011,8.745966514459669,126.33
350,693,Denmark,2012,8.219641772920465,143.20999999999998
351,694,Denmark,2013,8.278691019786907,134.54999999999998
352,806,Finland,1995,5.690106544901068,324.96000000000004
353,807,Finland,1996,4.6105006105006066,289.65
354,808,Finland,1997,5.597412480974125,310.35
355,809,Finland,1998,5.139273622653122,301.43
356,810,Finland,1999,6.592746913580247,283.10999999999996
357,811,Finland,2000,6.964480874316945,265.6499999999999
358,812,Finland,2001,5.790362185389808,267.19000000000005
359,813,Finland,2002,5.895852677189716,255.52000000000004
360,814,Finland,2003,5.78600248292986,243.45000000000002
361,815,Finland,2004,5.394808743169396,243.95
362,816,Finland,2005,5.9353120243531245,230.51999999999998
363,817,Finland,2006,6.749844816883925,233.79999999999998
364,818,Finland,2007,6.507958371594737,223.08000000000004
365,819,Finland,2008,7.012750455373408,220.29
366,820,Finland,2009,5.580891330891334,228.48999999999998
367,821,Finland,2010,4.786241920590951,215.21
368,822,Finland,2011,7.496254681647935,203.60999999999999
369,823,Finland,2012,5.5738182934315565,187.01
370,824,Finland,2013,6.539224664224659,196.82999999999998
371,832,France,1995,13.559840832568113,292.61999999999995
372,833,France,1996,12.401960784313722,271.21999999999997
373,834,France,1997,13.819254185692554,266.33
374,835,France,1998,13.040968342644305,253.65000000000003
375,836,France,1999,13.387438949938948,245.83000000000004
376,837,France,2000,13.202337583485116,257.23
377,838,France,2001,12.895890410958913,239.94
378,839,France,2002,13.202062172976305,238.63999999999996
379,840,France,2003,13.550456621004566,241.30999999999997
380,841,France,2004,12.73990588949606,232.50999999999996
381,842,France,2005,12.813366864807186,232.09
382,843,France,2006,13.280593607305935,220.62999999999997
383,844,France,2007,12.849130036630024,213.69
384,845,France,2008,12.527206218564244,216.20999999999998
385,846,France,2009,12.909416971916952,216.24
386,847,France,2010,11.88843226788432,211.17
387,848,France,2011,13.709284627092854,211.18000000000004
388,849,France,2012,12.670992714025516,198.97999999999996
389,850,France,2013,12.343850022862366,192.33
390,908,Georgia,1995,13.922070015220694,40.739999999999995
391,909,Georgia,1996,13.107468123861576,59.7
392,910,Georgia,1997,13.058599695586002,60.650000000000006
393,911,Georgia,1998,14.540473991997544,49.3
394,912,Georgia,1999,13.997252747252753,68.57999999999998
395,913,Georgia,2000,13.988312082574387,46.64000000000001
396,914,Georgia,2001,13.945211786372008,35.19
397,917,Georgia,2004,13.70628415300546,66.54
398,918,Georgia,2005,13.97625830959164,28.359999999999996
399,919,Georgia,2006,6.2426095820591225,23.509999999999998
400,920,Germany,1995,10.402136752136757,233.57999999999998
401,921,Germany,1996,8.449626865671632,216.42000000000002
402,922,Germany,1997,9.5405821438567,210.95999999999998
403,923,Germany,1998,10.270849986677316,200.51000000000002
404,924,Germany,1999,10.55637719630892,189.24000000000004
405,925,Germany,2000,11.165636667954157,185.55000000000004
406,926,Germany,2001,9.7578539371685,185.77999999999997
407,927,Germany,2002,10.676939713436065,183.96000000000004
408,928,Germany,2003,9.225851851851846,181.23999999999998
409,929,Germany,2004,10.291287565481127,172.23
410,930,Germany,2005,10.113349613349612,161.48999999999998
411,931,Germany,2006,9.53940110323089,152.52
412,932,Germany,2007,10.509544390419592,146.52
413,933,Germany,2008,10.437002422983726,145.52000000000004
414,934,Germany,2009,10.141250214665986,145.52000000000004
415,935,Germany,2010,8.773003938417478,152.17000000000002
416,936,Germany,2011,10.469490740740731,152.82
417,937,Germany,2012,9.206435944140864,148.30999999999997
418,938,Germany,2013,8.62085235920852,153.08
419,946,Greece,1995,18.303652968036534,49.68
420,947,Greece,1996,18.078476017000614,45.13000000000001
421,948,Greece,1997,17.74185692541857,47.66
422,949,Greece,1998,18.612185389809717,48.269999999999996
423,950,Greece,1999,19.287087912087916,45.739999999999995
424,951,Greece,2000,18.77899210686096,44.86
425,952,Greece,2001,18.966971080669712,38.81000000000001
426,953,Greece,2002,18.441828254847636,38.35
427,954,Greece,2003,18.28812785388125,40.67
428,955,Greece,2004,18.14162112932605,40.92
429,956,Greece,2005,17.929680365296797,46.53
430,957,Greece,2006,17.87297214569942,45.410000000000004
431,958,Greece,2007,18.758848876577392,33.91
432,959,Greece,2008,18.832875457875453,40.300000000000004
433,960,Greece,2009,18.748546066727897,40.970000000000006
434,961,Greece,2010,19.515981735159823,39.90000000000001
435,962,Greece,2011,19.012176560121773,48.67999999999999
436,963,Greece,2012,15.64500349406011,53.31999999999999
437,964,Guatemala,1995,19.15458937198068,34.13
438,965,Guatemala,1996,19.214046121593302,30.049999999999997
439,966,Guatemala,1997,19.742009132420087,26.51
440,967,Guatemala,1998,19.93719806763284,37.059999999999995
441,968,Guatemala,1999,18.79548229548228,36.5
442,969,Guatemala,2000,18.805708180708173,27.419999999999995
443,970,Guatemala,2001,19.025436953807727,30.590000000000003
444,971,Guatemala,2002,19.52256458138812,40.529999999999994
445,972,Guatemala,2003,19.572829131652657,37.34000000000001
446,973,Guatemala,2004,19.305246913580266,29.929999999999996
447,974,Guatemala,2005,19.396367521367523,32.61
448,975,Guatemala,2006,19.204670329670318,41.95
449,976,Guatemala,2007,19.424145299145298,40.269999999999996
450,977,Guatemala,2008,19.022129371711525,54.760000000000005
451,978,Guatemala,2009,19.53062480763312,57.57
452,979,Guatemala,2010,19.21704718417048,35.43
453,980,Guatemala,2011,19.167275494672747,34.69
454,981,Guatemala,2012,19.09502125075896,41.800000000000004
455,982,Guatemala,2013,19.35114155251142,40.690000000000005
456,1035,Guyana,1996,28.64236111111111,128.31
457,1036,Guyana,1997,27.055555555555557,82.65000000000002
458,1037,Guyana,1998,27.722222222222218,64.86
459,1038,Guyana,1999,28.57528957528956,313.62
460,1040,Guyana,2001,28.612643678160936,380.76
461,1041,Guyana,2002,28.51625514403291,311.93
462,1042,Guyana,2003,28.341234567901235,382.53999999999996
463,1043,Guyana,2004,28.92388451443571,400.0
464,1044,Guyana,2005,28.92738407699039,333.9600000000001
465,1045,Guyana,2006,28.459780092592613,394.60000000000014
466,1046,Guyana,2010,29.095238095238088,403.06999999999994
467,1047,Guyana,2011,28.368243243243235,349.5299999999999
468,1125,Hungary,1995,10.15159817351598,493.4200000000001
469,1126,Hungary,1996,9.232999392835458,482.74
470,1127,Hungary,1997,10.214459665144592,470.44000000000005
471,1128,Hungary,1998,10.853284223449966,436.78
472,1129,Hungary,1999,10.360347985347984,483.88
473,1130,Hungary,2000,11.73724954462659,464.56
474,1131,Hungary,2001,10.80015220700153,408.9800000000001
475,1132,Hungary,2002,11.553247152970151,382.74999999999994
476,1133,Hungary,2003,10.964590964590961,372.0399999999999
477,1134,Hungary,2004,9.275956284153,369.46999999999997
478,1135,Hungary,2005,9.084322678843227,352.00999999999993
479,1136,Hungary,2006,10.01750380517504,312.66
480,1137,Hungary,2007,11.82570207570208,327.32000000000005
481,1138,Hungary,2008,11.466666666666674,331.67999999999995
482,1139,Hungary,2009,11.38843101343102,310.71999999999997
483,1140,Hungary,2010,10.05540334855403,321.30999999999995
484,1141,Hungary,2011,10.853424657534244,299.85
485,1142,Hungary,2012,11.42319368548877,305.96
486,1143,Hungary,2013,11.276255707762553,266.22999999999996
487,1151,Iceland,1995,3.83668188736682,129.66
488,1152,Iceland,1996,5.091074681238617,177.35000000000002
489,1153,Iceland,1997,5.204566210045663,164.02000000000004
490,1154,Iceland,1998,4.647737765466296,141.08999999999997
491,1155,Iceland,1999,4.417887667887668,128.92
492,1156,Iceland,2000,4.5420461445051625,207.99
493,1157,Iceland,2001,5.304566210045661,163.06
494,1158,Iceland,2002,5.513850415512465,131.24
495,1159,Iceland,2003,6.223135464231349,100.97000000000001
496,1160,Iceland,2004,5.7170613236186885,168.81000000000003
497,1161,Iceland,2005,5.2088280060882814,115.0
498,1162,Iceland,2006,5.543226788432274,106.39000000000001
499,1163,Iceland,2007,5.654761904761906,163.29000000000002
500,1164,Iceland,2008,5.455069823922286,136.09
501,1165,Iceland,2009,5.696428571428571,123.73000000000002
502,1166,Iceland,2010,6.029680365296805,184.27
503,1167,Iceland,2011,5.504870624048707,92.94999999999999
504,1168,Iceland,2012,5.685033394049787,145.41000000000003
505,1169,Iceland,2013,5.034703196347031,221.24
506,1229,Ireland,1995,9.983561643835623,143.84
507,1230,Ireland,1996,9.004705525197325,145.54
508,1231,Ireland,1997,10.049771689497712,156.15
509,1232,Ireland,1998,9.927362265312402,162.17000000000002
510,1233,Ireland,1999,9.899420024420026,141.22000000000003
511,1234,Ireland,2000,9.412112932604735,142.36
512,1235,Ireland,2001,9.381430745814306,148.97
513,1236,Ireland,2002,9.976300400123119,135.82
514,1237,Ireland,2003,9.983713850837145,134.76999999999998
515,1238,Ireland,2004,9.9344262295082,129.42
516,1239,Ireland,2005,10.137138508371383,121.10999999999999
517,1240,Ireland,2006,10.271689497716897,126.46000000000001
518,1241,Ireland,2007,10.254208754208749,121.77000000000001
519,1242,Ireland,2008,9.543378995433784,129.55999999999997
520,1243,Ireland,2009,9.622252747252746,132.63000000000002
521,1244,Ireland,2010,8.484474885844755,120.30000000000001
522,1245,Ireland,2011,10.065905631659056,138.57999999999998
523,1246,Ireland,2012,9.447024893746203,137.66
524,1247,Ireland,2013,9.5578386605784,117.40999999999998
525,1255,Israel,1995,20.342021033379066,127.42999999999998
526,1256,Israel,1996,22.418636721828218,110.50999999999999
527,1257,Israel,1997,20.265277777777776,126.57999999999998
528,1258,Israel,1998,21.719681571815705,100.11000000000001
529,1259,Israel,1999,21.56537940379404,102.58
530,1260,Israel,2000,21.023896499238962,108.56000000000002
531,1261,Israel,2001,21.049819731235658,108.23000000000002
532,1262,Israel,2002,21.428503787878785,93.49000000000001
533,1263,Israel,2003,20.967682363804244,97.17
534,1264,Israel,2004,20.72091117666341,98.43999999999998
535,1265,Israel,2005,21.775165447579255,102.91
536,1266,Israel,2006,21.78706518068219,80.52
537,1267,Israel,2007,21.289287295263392,73.66999999999999
538,1268,Italy,1995,13.427274114774107,118.01000000000002
539,1269,Italy,1996,13.239526411657556,115.45000000000002
540,1270,Italy,1997,14.214155251141536,117.04000000000002
541,1271,Italy,1998,14.118574946137276,113.84000000000002
542,1272,Italy,1999,14.33783577533578,99.72
543,1273,Italy,2000,14.465496276029794,99.22
544,1274,Italy,2001,14.208523592085259,95.87
545,1275,Italy,2002,14.08064019698369,94.61
546,1276,Italy,2003,14.643835616438349,94.41999999999997
547,1277,Italy,2004,13.787568306010929,91.33000000000001
548,1278,Italy,2005,13.460882800608823,82.58999999999999
549,1279,Italy,2006,14.020624048706253,81.61000000000001
550,1280,Italy,2007,14.297695360195348,81.96000000000004
551,1281,Italy,2008,14.330815018315015,81.68999999999998
552,1282,Italy,2009,14.50496031746034,81.92999999999998
553,1283,Italy,2010,13.764079147640786,80.77000000000001
554,1284,Italy,2011,14.600684931506846,86.08
555,1285,Italy,2012,14.479735883424409,85.45
556,1286,Italy,2013,14.276255707762544,84.86
557,1320,Japan,1995,13.068696093353624,228.12999999999997
558,1321,Japan,1996,12.468275652701891,228.48000000000002
559,1322,Japan,1997,13.29959411466263,237.38
560,1323,Japan,1998,13.624002455494175,306.59999999999997
561,1324,Japan,1999,13.659035409035393,298.90000000000003
562,1325,Japan,2000,13.267304189435361,278.52000000000004
563,1326,Japan,2001,12.718417047184158,267.16
564,1327,Japan,2002,13.218682671591244,265.84
565,1328,Japan,2003,12.88863521055302,279.4099999999999
566,1329,Japan,2004,13.981886257842545,266.24999999999994
567,1330,Japan,2005,13.050938609842715,266.88999999999993
568,1331,Japan,2006,13.462658548959913,262.24
569,1332,Japan,2007,14.083231583231584,268.75999999999993
570,1333,Japan,2008,13.712564806343401,265.32
571,1334,Japan,2009,13.834808709808721,266.69
572,1335,Japan,2010,14.133891425672266,255.48
573,1336,Japan,2011,13.664738711314065,252.41000000000003
574,1337,Japan,2012,13.417375025298526,233.70000000000002
575,1338,Japan,2013,13.935159817351597,231.16000000000003
576,1372,Kazakhstan,1995,9.309065934065927,454.67
577,1373,Kazakhstan,1996,8.18093503339405,452.84
578,1374,Kazakhstan,1997,10.044140030441412,433.7400000000001
579,1375,Kazakhstan,1998,9.349646044936906,440.52000000000004
580,1376,Kazakhstan,1999,9.913766788766793,407.72999999999996
581,1377,Kazakhstan,2000,10.009562841530046,426.04999999999995
582,1378,Kazakhstan,2001,10.252302025782694,422.48999999999995
583,1379,Kazakhstan,2002,10.118805786395823,405.89
584,1380,Kazakhstan,2003,8.92526636225266,411.7099999999999
585,1381,Kazakhstan,2004,10.066029143897989,413.85999999999996
586,1382,Kazakhstan,2005,9.604414003044145,357.80000000000007
587,1383,Kazakhstan,2006,10.4280233271946,374.72999999999996
588,1384,Kazakhstan,2007,10.006925207756233,375.6300000000001
589,1385,Kazakhstan,2008,10.26915974145891,366.93999999999994
590,1386,Kazakhstan,2009,9.48397435897436,330.07000000000005
591,1387,Kazakhstan,2010,9.513698630136986,320.81000000000006
592,1388,Kazakhstan,2011,9.40377532228362,293.76
593,1389,Kazakhstan,2012,9.695536828963798,271.02
594,1390,Kazakhstan,2013,10.732267884322681,296.67
595,1421,Kuwait,1995,26.137899543378982,12.74
596,1422,Kuwait,1996,26.87249544626593,18.330000000000002
597,1423,Kuwait,1997,26.1792164064891,19.939999999999998
598,1424,Kuwait,1998,27.25438596491227,16.209999999999997
599,1425,Kuwait,1999,27.370064279155176,16.82
600,1426,Kuwait,2000,26.8234669095325,15.23
601,1427,Kuwait,2001,27.10076103500761,9.129999999999999
602,1428,Kuwait,2002,26.916975308641966,14.56
603,1429,Kuwait,2003,27.131354642313557,16.44
604,1430,Kuwait,2004,26.88433515482696,17.26
605,1431,Kuwait,2005,26.6734192756292,18.18
606,1432,Kuwait,2006,27.07305936073061,15.83
607,1433,Kuwait,2007,26.93284493284493,13.02
608,1434,Kuwait,2008,26.82860195360195,11.76
609,1435,Kuwait,2009,26.89209401709401,14.810000000000002
610,1436,Kuwait,2010,27.960622710622676,10.04
611,1437,Kuwait,2011,26.5381562881563,11.409999999999998
612,1438,Kuwait,2012,27.13422099785735,15.59
613,1439,Kuwait,2013,26.78235653235652,9.879999999999999
614,1447,Kyrgyzstan,1997,-1.6702508960573477,190.85
615,1448,Kyrgyzstan,1998,11.963091118800463,184.94000000000003
616,1449,Kyrgyzstan,1999,11.528240740740735,191.44
617,1450,Kyrgyzstan,2000,12.364905889496054,182.63
618,1451,Kyrgyzstan,2001,12.060912151821228,193.29999999999998
619,1452,Kyrgyzstan,2002,12.12603878116343,173.10999999999999
620,1453,Kyrgyzstan,2003,11.81074481074482,137.86
621,1454,Kyrgyzstan,2004,12.342289010321789,141.32999999999998
622,1455,Kyrgyzstan,2005,12.105327245053267,135.48000000000002
623,1456,Kyrgyzstan,2006,12.307610350076098,145.99
624,1457,Kyrgyzstan,2007,12.182934315530995,125.89000000000001
625,1458,Kyrgyzstan,2008,12.123592085235915,135.96
626,1459,Kyrgyzstan,2009,11.939546985001533,113.28
627,1460,Kyrgyzstan,2010,12.298477929984765,143.2
628,1461,Kyrgyzstan,2011,11.346270928462706,126.89000000000001
629,1462,Kyrgyzstan,2012,11.405631659056327,140.66000000000003
630,1463,Kyrgyzstan,2013,12.720243531202431,109.84
631,1497,Latvia,1995,7.232753357753353,545.6199999999999
632,1498,Latvia,1996,5.918282548476458,492.01000000000005
633,1499,Latvia,1997,7.5006088280060865,492.56999999999994
634,1500,Latvia,1998,5.797364672364672,441.8400000000001
635,1501,Latvia,1999,8.311507936507933,420.40999999999997
636,1502,Latvia,2000,8.687214611872143,453.2
637,1503,Latvia,2001,7.761643835616442,383.49000000000007
638,1504,Latvia,2002,8.171283471837485,367.76
639,1505,Latvia,2003,7.6816239316239345,361.63000000000005
640,1506,Latvia,2004,7.318306010928961,328.38
641,1507,Latvia,2005,7.282343987823436,312.06
642,1508,Latvia,2006,7.8462246777163935,288.9
643,1509,Latvia,2007,7.827380952380954,295.75000000000006
644,1510,Latvia,2008,8.068070818070817,323.68999999999994
645,1511,Latvia,2009,7.022741147741146,307.7999999999999
646,1512,Latvia,2010,6.076063666972753,259.34000000000003
647,1513,Latvia,2011,7.489497716894977,288.75
648,1514,Latvia,2012,6.803324099722987,267.67999999999995
649,1515,Latvia,2013,7.304109589041091,242.19000000000003
650,1665,Mexico,1995,21.312320738246672,59.089999999999996
651,1666,Mexico,1996,20.72316384180789,56.33
652,1667,Mexico,1997,20.247200117889776,57.070000000000014
653,1668,Mexico,1998,21.719310344827594,56.839999999999996
654,1669,Mexico,1999,20.79803301721109,54.889999999999986
655,1670,Mexico,2000,20.533266466064852,54.89
656,1671,Mexico,2001,20.421604938271606,63.300000000000004
657,1672,Mexico,2002,20.534632034632047,58.36000000000001
658,1673,Mexico,2003,20.455326460481093,63.0
659,1674,Mexico,2004,20.248986647591774,60.75
660,1675,Mexico,2005,21.000189178963282,62.220000000000006
661,1676,Mexico,2006,20.744602422327528,59.220000000000006
662,1677,Mexico,2007,20.243458475540407,58.010000000000005
663,1678,Mexico,2008,20.400749923477203,60.83
664,1679,Mexico,2009,21.13202075702075,64.14
665,1680,Mexico,2010,20.27809487569762,61.00999999999999
666,1681,Mexico,2011,21.107029262086503,65.52
667,1682,Mexico,2012,20.892462945443068,63.43
668,1683,Mexico,2013,20.513729246487863,64.99000000000001
669,1846,New Zealand,1995,15.380036630036633,199.42000000000004
670,1847,New Zealand,1996,15.258044930176089,195.13
671,1848,New Zealand,1997,14.835159817351608,198.28000000000003
672,1849,New Zealand,1998,16.25238534933825,201.07000000000002
673,1850,New Zealand,1999,15.67139804639806,176.80000000000004
674,1851,New Zealand,2000,15.495129375951292,157.54
675,1852,New Zealand,2001,15.439087848178765,179.9
676,1853,New Zealand,2002,15.286324786324775,152.03000000000003
677,1854,New Zealand,2003,15.165421724245254,172.35
678,1855,New Zealand,2004,14.748178506375224,163.41000000000003
679,1856,New Zealand,2005,15.82876712328768,157.93000000000004
680,1857,New Zealand,2006,15.014155251141545,156.74
681,1858,New Zealand,2007,15.40460927960928,148.19
682,1859,New Zealand,2008,15.491300366300369,151.77999999999994
683,1860,New Zealand,2009,14.923840048840045,153.00000000000003
684,1861,New Zealand,2010,15.694444444444455,152.62
685,1862,New Zealand,2011,15.61613394216134,142.82000000000002
686,1863,New Zealand,2012,15.062654320987662,158.03000000000003
687,1864,New Zealand,2013,15.800608828006078,144.55
688,1887,Nicaragua,2010,27.453678054786092,88.74000000000001
689,1888,Nicaragua,2011,27.32890720390723,89.54999999999998
690,1889,Nicaragua,2012,27.35114155251145,72.28999999999999
691,1890,Nicaragua,2013,27.732572298325714,80.97000000000001
692,1950,Norway,1995,4.635819521178635,156.35
693,1951,Norway,1996,3.4705525197328506,153.93
694,1952,Norway,1997,5.854642313546425,158.60999999999999
695,1953,Norway,1998,5.1622037550015385,153.66
696,1954,Norway,1999,5.538003663003669,163.32999999999998
697,1955,Norway,2000,6.463418336369152,150.33
698,1956,Norway,2001,4.897636586863109,154.29000000000002
699,1957,Norway,2002,5.217746913580248,141.0
700,1958,Norway,2003,5.520909645909647,138.07999999999996
701,1959,Norway,2004,5.6221918639951465,141.37
702,1960,Norway,2005,6.044444444444442,142.09
703,1961,Norway,2006,6.207762557077624,142.67000000000002
704,1962,Norway,2007,5.841750841750843,127.77
705,1963,Norway,2008,6.462468789013735,132.03
706,1964,Norway,2009,5.119352869352872,145.73999999999995
707,1965,Norway,2010,3.0320748925721306,136.42999999999998
708,1966,Norway,2011,5.81841704718417,146.49
709,1967,Norway,2012,4.905889496053427,125.99999999999999
710,1968,Norway,2013,5.097716894977166,127.00999999999999
711,1985,Oman,2009,29.250665335994658,21.189999999999998
712,1986,Oman,2010,29.186460412508307,3.8000000000000003
713,2023,Panama,1996,26.34547662416513,66.38000000000001
714,2024,Panama,1997,27.6960426179604,83.19
715,2025,Panama,1998,27.911665127731627,76.68999999999998
716,2026,Panama,1999,27.13018925518928,77.62999999999998
717,2027,Panama,2000,27.366879174256226,85.58000000000001
718,2028,Panama,2001,26.86394245485156,86.77000000000001
719,2029,Panama,2002,27.87638888888889,78.94
720,2030,Panama,2003,27.835026161895946,97.24
721,2031,Panama,2004,27.674868461776523,81.76
722,2032,Panama,2005,27.166819291819294,77.80999999999999
723,2033,Panama,2006,26.91043397968606,91.63
724,2034,Panama,2007,27.16712962962963,71.89999999999999
725,2035,Panama,2008,26.927529484792046,73.3
726,2036,Panama,2009,27.34340659340659,68.29
727,2037,Panama,2010,27.310988674625047,64.0
728,2038,Panama,2011,26.740791476407928,62.730000000000004
729,2039,Panama,2012,27.184729811779004,55.519999999999996
730,2040,Panama,2013,27.416666666666675,49.309999999999995
731,2071,Philippines,1997,27.658599695585966,20.24
732,2072,Philippines,1998,28.433024691358032,22.05
733,2073,Philippines,1999,27.466176920722383,24.88
734,2074,Philippines,2000,27.724650880388587,32.21
735,2075,Philippines,2001,27.956382001836534,27.079999999999995
736,2076,Philippines,2002,27.80725308641975,28.540000000000003
737,2077,Philippines,2003,27.807704112952752,33.41
738,2080,Philippines,2006,27.978234398782334,36.66
739,2081,Philippines,2007,28.093101343101374,29.17
740,2082,Philippines,2008,27.74915824915825,33.05
741,2083,Philippines,2009,27.59188034188034,34.89
742,2084,Philippines,2010,28.488736681887346,36.96000000000001
743,2085,Philippines,2011,27.68295281582954,44.90999999999999
744,2095,Poland,1995,8.282191780821918,181.7
745,2096,Poland,1996,6.884638737097753,178.20999999999998
746,2099,Poland,1999,9.14087301587301,184.14999999999998
747,2100,Poland,2000,9.651639344262293,191.01
748,2101,Poland,2001,8.388432267884331,180.65
749,2102,Poland,2002,9.205755617112958,183.26999999999995
750,2103,Poland,2003,8.371232876712332,180.14999999999995
751,2104,Poland,2004,8.46569520340012,187.73999999999995
752,2105,Poland,2005,8.667427701674269,186.04
753,2106,Poland,2006,9.296193984039293,182.85
754,2107,Poland,2007,9.737179487179494,166.46999999999994
755,2108,Poland,2008,9.841117216117222,177.37999999999997
756,2109,Poland,2009,8.800061050061059,197.1
757,2110,Poland,2010,7.964231354642314,190.64
758,2111,Poland,2011,9.093455098934554,183.86
759,2112,Poland,2012,8.700060716454152,192.37000000000003
760,2113,Poland,2013,8.895585996955854,187.58999999999997
761,2121,Portugal,1995,17.995129375951297,128.93
762,2122,Portugal,1996,17.137067395264108,115.77000000000001
763,2123,Portugal,1997,18.22237484737487,102.17999999999999
764,2124,Portugal,1998,17.63710925410089,87.05999999999999
765,2125,Portugal,1999,17.37235996326906,89.46
766,2126,Portugal,2000,16.820279295689147,85.88000000000001
767,2127,Portugal,2001,16.788432267884332,115.73000000000003
768,2128,Portugal,2002,16.844875346260388,171.82999999999998
769,2129,Portugal,2003,17.25464231354643,166.45999999999998
770,2133,Portugal,2007,16.913443830570895,143.54999999999998
771,2134,Portugal,2008,16.846575342465766,141.01999999999998
772,2135,Portugal,2009,17.82249694749694,139.7
773,2136,Portugal,2010,17.322374429223753,148.84
774,2137,Portugal,2011,17.407356532356538,127.86
775,2138,Portugal,2012,16.138356164383563,139.4
776,2139,Portugal,2013,16.328435873890413,132.73
777,2147,Qatar,1995,27.029680365296784,0.0
778,2153,Qatar,2001,28.32602739726029,27.300000000000004
779,2156,Qatar,2004,28.174863387978142,15.25
780,2157,Qatar,2005,27.976103500761045,18.799999999999997
781,2158,Qatar,2006,28.22009132420093,87.30000000000001
782,2159,Qatar,2007,28.287393162393172,28.61
783,2160,Qatar,2008,28.071733821733808,13.55
784,2161,Qatar,2009,28.474358974358978,19.900000000000002
785,2162,Qatar,2010,29.140334855403342,12.83
786,2163,Qatar,2011,28.5143074581431,18.849999999999998
787,2164,Qatar,2012,28.777322404371557,13.270000000000001
788,2165,Qatar,2013,28.481887366818864,8.23
789,2173,Romania,1995,10.560121765601213,156.18
790,2174,Romania,1996,10.242106860959323,159.98000000000002
791,2175,Romania,1997,10.192541856925416,161.6
792,2176,Romania,1998,11.027470841006751,161.28999999999996
793,2177,Romania,1999,11.842643467643473,158.27
794,2178,Romania,2000,12.126442015786285,159.19000000000003
795,2179,Romania,2001,11.659969558599697,149.10999999999999
796,2180,Romania,2002,11.576792859341333,173.6
797,2181,Romania,2003,11.077686202686198,159.70999999999998
798,2182,Romania,2004,11.065573770491808,151.19
799,2183,Romania,2005,10.828310502283106,146.01
800,2184,Romania,2006,11.361035007610345,149.09
801,2185,Romania,2007,12.62438949938949,136.05999999999997
802,2186,Romania,2008,12.00885225885227,140.4
803,2187,Romania,2009,12.096916971916981,144.01999999999998
804,2188,Romania,2010,11.547488584474882,150.04000000000002
805,2189,Romania,2011,11.128006088280063,138.78
806,2190,Romania,2012,12.088038858530664,142.03
807,2191,Romania,2013,11.999086757990876,137.99
808,2300,Singapore,1995,27.64231354642312,282.76
809,2301,Singapore,1996,27.576199149969643,208.93999999999997
810,2302,Singapore,1997,28.31156773211568,206.64999999999998
811,2303,Singapore,1998,28.40012311480455,215.35999999999999
812,2304,Singapore,1999,27.55738705738707,166.45000000000005
813,2305,Singapore,2000,27.5411353976928,164.33999999999997
814,2306,Singapore,2001,27.6158295281583,167.80000000000004
815,2307,Singapore,2002,28.114188981224995,172.39000000000001
816,2308,Singapore,2003,27.82020757020757,172.73999999999998
817,2309,Singapore,2004,27.911050394656982,167.47999999999996
818,2310,Singapore,2005,28.06316590563167,180.33
819,2311,Singapore,2006,27.80182648401828,148.74999999999997
820,2312,Singapore,2007,27.588522588522558,165.76000000000002
821,2313,Singapore,2008,27.53409436834096,150.25
822,2314,Singapore,2009,27.987637362637358,149.58
823,2315,Singapore,2010,28.153424657534252,129.23000000000002
824,2316,Singapore,2011,27.640943683409446,116.96
825,2317,Singapore,2012,27.615513054037663,141.61999999999998
826,2318,Singapore,2013,27.73485540334855,137.87
827,2326,Slovakia,1995,10.355251141552507,198.69999999999993
828,2327,Slovakia,1996,9.091530054644815,174.50000000000006
829,2328,Slovakia,1997,10.055707762557088,164.10000000000002
830,2329,Slovakia,1998,11.007253086419757,161.84
831,2330,Slovakia,1999,10.832875457875453,172.08
832,2331,Slovakia,2000,11.778840315725565,180.08
833,2332,Slovakia,2001,10.622222222222225,171.88
834,2333,Slovakia,2002,11.321329639889194,191.77
835,2334,Slovakia,2003,11.258494031221304,169.16000000000003
836,2335,Slovakia,2004,10.541438979963573,150.89999999999998
837,2336,Slovakia,2005,10.385692541856926,165.37
838,2337,Slovakia,2006,11.00426179604261,0.0
839,2338,Slovakia,2007,11.93360805860806,0.0
840,2339,Slovakia,2008,11.724353120243537,134.20000000000002
841,2340,Slovakia,2009,11.237484737484742,139.08
842,2341,Slovakia,2010,10.029680365296818,143.68
843,2343,Slovakia,2012,11.602155434122643,129.48000000000002
844,2344,Slovakia,2013,11.211719939117195,143.90999999999997
845,2353,South Africa,1996,15.878111718275635,8.03
846,2354,South Africa,1997,16.528614916286156,4.95
847,2355,South Africa,1998,16.588027085257018,7.699999999999999
848,2356,South Africa,1999,17.295329670329654,10.87
849,2357,South Africa,2000,17.010018214936252,9.54
850,2358,South Africa,2001,16.74703196347032,12.43
851,2359,South Africa,2002,16.590951061865212,6.9799999999999995
852,2360,South Africa,2003,16.75488400488402,9.240000000000002
853,2361,South Africa,2004,17.040072859744974,12.63
854,2362,South Africa,2005,16.720091324200908,15.29
855,2363,South Africa,2006,16.9060882800609,17.919999999999998
856,2364,South Africa,2007,16.97842056932965,12.12
857,2365,South Africa,2008,16.982448107448096,14.139999999999999
858,2366,South Africa,2009,17.357600732600734,10.709999999999999
859,2367,South Africa,2010,17.09071537290716,13.09
860,2368,South Africa,2011,16.927092846270913,9.309999999999999
861,2369,South Africa,2012,17.009107468123872,13.56
862,2370,South Africa,2013,17.0566210045662,14.9
863,2404,Spain,1995,15.840537798072033,123.81
864,2405,Spain,1996,15.067445861161715,126.53
865,2406,Spain,1997,16.01415525114156,131.32
866,2407,Spain,1998,15.368421052631573,124.04
867,2408,Spain,1999,15.201058201058187,119.08
868,2409,Spain,2000,14.824225865209458,122.21000000000002
869,2410,Spain,2001,14.785388127853867,112.4
870,2411,Spain,2002,15.275315481686684,115.64
871,2412,Spain,2003,16.391174080845005,116.48999999999997
872,2413,Spain,2004,15.66848816029145,112.63000000000001
873,2414,Spain,2005,15.75773718924404,107.66
874,2415,Spain,2006,16.01161846778282,99.86999999999999
875,2416,Spain,2007,14.706807081807074,98.94999999999997
876,2417,Spain,2008,14.944139194139204,98.51999999999998
877,2418,Spain,2009,15.681318681318677,98.01999999999998
878,2419,Spain,2010,14.877777777777776,87.44
879,2420,Spain,2011,16.11055301877218,88.58999999999999
880,2421,Spain,2012,15.636156648451722,96.88
881,2422,Spain,2013,15.354642313546426,101.31999999999998
882,2431,Sri Lanka,1996,27.32423371647512,395.71000000000004
883,2432,Sri Lanka,1997,27.517425174251734,472.09999999999997
884,2433,Sri Lanka,1998,28.234247967479664,451.15000000000003
885,2434,Sri Lanka,1999,27.270306513409963,445.23999999999995
886,2435,Sri Lanka,2000,27.23333333333333,427.2900000000001
887,2436,Sri Lanka,2001,27.261049723756923,358.06
888,2437,Sri Lanka,2002,27.14768518518518,339.41
889,2438,Sri Lanka,2003,27.436377473363763,352.75000000000006
890,2441,Sri Lanka,2006,27.30715372907155,328.7300000000001
891,2456,Suriname,1995,26.486722571628253,182.52
892,2457,Suriname,1996,26.33488132094945,84.27000000000001
893,2458,Suriname,1997,26.058665008291868,115.69
894,2459,Suriname,1998,26.57384823848238,101.95
895,2460,Suriname,1999,26.14097222222221,216.70000000000002
896,2461,Suriname,2000,26.53385416666668,127.92999999999999
897,2462,Suriname,2001,26.4102829537612,218.09
898,2463,Suriname,2002,26.594771241830074,214.23000000000002
899,2464,Suriname,2003,27.726041666666674,245.99999999999997
900,2465,Suriname,2004,27.354393609295574,202.10000000000002
901,2466,Suriname,2005,26.733646322378718,211.17
902,2467,Suriname,2006,26.47313797313797,298.26
903,2468,Suriname,2007,26.389392413561602,356.14000000000004
904,2469,Suriname,2008,26.374125874125887,416.81999999999994
905,2470,Suriname,2009,26.435220935220933,369.71000000000004
906,2471,Suriname,2010,26.97318007662836,425.3
907,2472,Suriname,2011,26.652063492063483,353.31000000000006
908,2473,Suriname,2012,26.34669095324836,454.11
909,2474,Suriname,2013,26.175951293759518,286.79999999999995
910,2482,Sweden,1995,6.972907153729068,191.72
911,2483,Sweden,1996,6.2962962962963065,178.24000000000004
912,2484,Sweden,1997,7.393455098934545,167.19000000000003
913,2485,Sweden,1998,6.698611111111108,175.8
914,2486,Sweden,1999,8.381562881562878,172.64
915,2487,Sweden,2000,8.48816029143898,162.50000000000003
916,2488,Sweden,2001,7.629680365296801,167.49000000000004
917,2489,Sweden,2002,8.106327160493827,162.71
918,2490,Sweden,2003,7.900859422958868,153.41
919,2491,Sweden,2004,7.248482088646027,157.41000000000003
920,2492,Sweden,2005,7.572754946727555,164.61999999999995
921,2493,Sweden,2006,8.093911719939113,160.76
922,2494,Sweden,2007,7.941239316239318,147.38999999999996
923,2495,Sweden,2008,8.260121765601221,155.68
924,2496,Sweden,2009,7.344017094017099,160.4
925,2497,Sweden,2010,5.578082191780819,146.54000000000002
926,2498,Sweden,2011,8.117199391171987,141.77
927,2499,Sweden,2012,6.819064966605949,148.10999999999999
928,2500,Sweden,2013,7.322831050228306,158.20000000000005
929,2508,Switzerland,1995,9.90403578326725,283.07000000000005
930,2509,Switzerland,1996,9.020446473871141,279.89
931,2510,Switzerland,1997,10.139447491367052,266.77
932,2511,Switzerland,1998,10.105766265803258,273.41999999999996
933,2512,Switzerland,1999,10.022109366984713,251.98
934,2513,Switzerland,2000,10.590043553124676,266.2
935,2514,Switzerland,2001,10.128021531586416,261.69
936,2515,Switzerland,2002,10.455699455236905,273.70000000000005
937,2516,Switzerland,2003,10.814169215086627,242.66000000000003
938,2517,Switzerland,2004,10.060933536276007,242.27000000000004
939,2518,Switzerland,2005,9.83292707698558,246.19
940,2519,Switzerland,2006,10.564485032978183,241.62999999999997
941,2520,Switzerland,2007,10.676231176231164,255.81
942,2521,Switzerland,2008,10.229514838448305,237.51
943,2522,Switzerland,2009,10.650081400081396,180.12999999999997
944,2523,Switzerland,2010,9.560426179604251,160.52000000000004
945,2524,Switzerland,2011,10.694317605276511,168.21999999999997
946,2525,Switzerland,2012,10.079892734264314,165.38999999999996
947,2526,Switzerland,2013,9.432420091324207,170.26000000000002
948,2638,Thailand,1996,29.06785063752277,93.05
949,2639,Thailand,1997,29.994063926940647,86.37
950,2640,Thailand,1998,28.79993844259773,99.55999999999999
951,2641,Thailand,1999,27.615384615384606,109.03
952,2642,Thailand,2000,27.94307832422585,106.10000000000001
953,2644,Thailand,2002,29.29393659587565,103.11999999999999
954,2645,Thailand,2003,29.16240487062405,91.16
955,2646,Thailand,2004,29.27929568913176,86.06
956,2647,Thailand,2005,29.475038051750378,77.99
957,2648,Thailand,2006,29.522070015220727,69.04000000000002
958,2649,Thailand,2007,29.02029914529918,79.14000000000001
959,2650,Thailand,2008,28.439801918910547,78.17999999999999
960,2651,Thailand,2009,28.448107448107447,78.56
961,2652,Thailand,2010,28.973515981735176,80.49999999999999
962,2653,Thailand,2011,28.213392200147172,77.59000000000002
963,2746,Turkey,2009,13.438492063492069,21.29
964,2747,Turkey,2010,14.421156773211555,31.69
965,2748,Turkey,2011,12.365753424657537,23.07
966,2749,Turkey,2012,13.50318761384335,28.4
967,2750,Turkey,2013,13.663013698630127,35.42
968,2758,Turkmenistan,1995,17.483866057838664,90.44000000000001
969,2759,Turkmenistan,1996,16.390715372907163,103.64000000000001
970,2760,Turkmenistan,1997,17.243531202435314,100.97
971,2761,Turkmenistan,1998,18.031179138322006,136.50000000000003
972,2762,Turkmenistan,1999,18.003663003663004,145.06
973,2763,Turkmenistan,2000,17.902094717668472,112.13
974,2764,Turkmenistan,2001,17.937442922374434,133.46
975,2765,Turkmenistan,2002,17.384425977223767,115.43
976,2766,Turkmenistan,2003,16.81476407914765,107.02000000000002
977,2767,Turkmenistan,2004,17.65619307832423,112.79999999999998
978,2768,Turkmenistan,2005,17.979756468797568,134.19000000000003
979,2769,Turkmenistan,2006,17.893150684931513,143.84
980,2770,Turkmenistan,2007,17.379426129426147,96.69000000000001
981,2771,Turkmenistan,2008,17.392704517704512,117.58000000000001
982,2772,Turkmenistan,2009,17.40766178266176,42.54
983,2773,Turkmenistan,2010,18.544596651445964,45.74999999999999
984,2774,Turkmenistan,2011,17.131354642313553,31.630000000000006
985,2775,Turkmenistan,2012,17.46948998178507,30.6
986,2776,Turkmenistan,2013,18.439726027397253,23.289999999999996
987,2836,Ukraine,1995,8.522526636225264,396.66999999999996
988,2837,Ukraine,1996,7.35094110503946,403.41999999999996
989,2838,Ukraine,1997,7.750692520775621,395.67
990,2839,Ukraine,1998,8.271913580246908,390.15
991,2840,Ukraine,1999,9.452380952380947,376.06
992,2841,Ukraine,2000,9.460078931390404,377.19000000000005
993,2842,Ukraine,2001,9.045509893455103,348.14
994,2843,Ukraine,2002,9.520006155740225,344.04999999999995
995,2844,Ukraine,2003,8.368188736681892,337.0700000000001
996,2845,Ukraine,2004,8.674256223436547,307.05
997,2846,Ukraine,2005,8.604109589041094,297.18
998,2847,Ukraine,2006,8.678824253616492,282.78999999999996
999,2848,Ukraine,2007,9.814661769207225,281.12
1000,2849,Ukraine,2008,9.561035007610347,274.5
1001,2850,Ukraine,2009,9.367216117216113,279.25999999999993
1002,2851,Ukraine,2010,9.3896499238965,263.07000000000005
1003,2852,Ukraine,2011,9.120547945205473,263.99999999999994
1004,2853,Ukraine,2012,9.029465930018413,268.4700000000001
1005,2872,United Arab Emirates,2005,28.25129375951294,16.05
1006,2873,United Arab Emirates,2006,28.150030525030513,16.55
1007,2874,United Arab Emirates,2007,28.39384920634921,15.99
1008,2875,United Arab Emirates,2008,27.970964791952444,11.86
1009,2876,United Arab Emirates,2009,28.461538461538467,11.730000000000002
1010,2877,United Arab Emirates,2010,29.18439878234397,22.71
1011,2888,United Kingdom,1995,11.889422344154855,92.34
1012,2889,United Kingdom,1996,10.996732026143787,88.32000000000001
1013,2890,United Kingdom,1997,11.485444292028651,88.77999999999999
1014,2891,United Kingdom,1998,10.986611265004608,90.76
1015,2892,United Kingdom,1999,11.170416284052642,92.44000000000001
1016,2893,United Kingdom,2000,10.799010654490099,87.33
1017,2894,United Kingdom,2001,10.590153939948182,85.14
1018,2895,United Kingdom,2002,11.032131299121604,82.71
1019,2896,United Kingdom,2003,11.019307081807073,80.14999999999999
1020,2897,United Kingdom,2004,10.80323757409942,82.72
1021,2898,United Kingdom,2005,10.761240664532838,79.15999999999998
1022,2899,United Kingdom,2006,10.80986130163085,78.17
1023,2900,United Kingdom,2007,10.9813541189057,74.92
1024,2901,United Kingdom,2008,10.405883249504646,80.71000000000001
1025,2902,United Kingdom,2009,10.583677212287926,78.00000000000001
1026,2903,United Kingdom,2010,10.111187528656572,77.41000000000001
1027,2904,United Kingdom,2011,11.416704770614238,78.28999999999999
1028,2905,United Kingdom,2012,10.651132537496178,79.47
1029,2906,United Kingdom,2013,10.66499009297364,84.91999999999999
1030,2914,Uruguay,1995,15.348858447488592,237.94
1031,2915,Uruguay,1996,15.660443230115357,187.92999999999998
1032,2916,Uruguay,1997,16.066666666666666,233.91
1033,2917,Uruguay,1998,15.46814404432132,264.08
1034,2918,Uruguay,1999,15.384310134310134,243.62000000000003
1035,2919,Uruguay,2000,15.785540334855392,274.27000000000004
1036,2920,Uruguay,2001,16.600732600732588,236.12
1037,2921,Uruguay,2002,16.24243827160493,331.69
1038,2922,Uruguay,2003,15.828268876611421,259.25000000000006
1039,2923,Uruguay,2004,16.60610200364298,258.49
1040,2924,Uruguay,2005,16.572146118721463,241.31000000000003
1041,2925,Uruguay,2006,16.61385083713853,248.10999999999999
1042,2926,Uruguay,2007,16.01053113553112,266.31
1043,2927,Uruguay,2008,16.729415365778987,234.53
1044,2928,Uruguay,2009,16.378357753357758,237.75
1045,2929,Uruguay,2010,16.624505327245082,257.43
1046,2931,Uruguay,2012,17.126138433515482,264.34999999999997
1047,2932,Uruguay,2013,16.45738203957382,249.09
1048,2940,Uzbekistan,1995,15.04611872146119,111.3
1049,2941,Uzbekistan,1996,13.989981785063744,125.05999999999999
1050,2942,Uzbekistan,1997,15.980135658914735,110.58
1051,2943,Uzbekistan,1998,15.376958689458684,108.3
1052,2944,Uzbekistan,1999,15.729548229548232,113.32999999999998
1053,2945,Uzbekistan,2000,15.992410443230119,120.31
1054,2946,Uzbekistan,2001,16.287366818873664,115.92
1055,2947,Uzbekistan,2002,16.034318251769786,95.28
1056,2948,Uzbekistan,2003,15.648706240487055,82.05999999999999
1057,2949,Uzbekistan,2004,16.627504553734074,68.03999999999999
1058,2950,Uzbekistan,2005,16.164079147640795,67.80999999999999
1059,2954,Uzbekistan,2009,16.127289377289387,60.86
1060,2955,Uzbekistan,2010,16.824809741248096,63.23000000000001
1061,2956,Uzbekistan,2011,15.813850837138519,67.14
1062,2957,Uzbekistan,2012,14.965695203400127,77.53000000000003
1063,2958,Uzbekistan,2013,16.268949771689506,78.85999999999999
